-- MySQL dump 10.13  Distrib 5.7.33, for Linux (x86_64)
--
-- Host: localhost    Database: taskforce
-- ------------------------------------------------------
-- Server version	5.7.33-0ubuntu0.18.04.1

/*!40101 SET @OLD_CHARACTER_SET_CLIENT=@@CHARACTER_SET_CLIENT */;
/*!40101 SET @OLD_CHARACTER_SET_RESULTS=@@CHARACTER_SET_RESULTS */;
/*!40101 SET @OLD_COLLATION_CONNECTION=@@COLLATION_CONNECTION */;
/*!40101 SET NAMES utf8 */;
/*!40103 SET @OLD_TIME_ZONE=@@TIME_ZONE */;
/*!40103 SET TIME_ZONE='+00:00' */;
/*!40014 SET @OLD_UNIQUE_CHECKS=@@UNIQUE_CHECKS, UNIQUE_CHECKS=0 */;
/*!40014 SET @OLD_FOREIGN_KEY_CHECKS=@@FOREIGN_KEY_CHECKS, FOREIGN_KEY_CHECKS=0 */;
/*!40101 SET @OLD_SQL_MODE=@@SQL_MODE, SQL_MODE='NO_AUTO_VALUE_ON_ZERO' */;
/*!40111 SET @OLD_SQL_NOTES=@@SQL_NOTES, SQL_NOTES=0 */;

--
-- Table structure for table `categories`
--

DROP TABLE IF EXISTS `categories`;
/*!40101 SET @saved_cs_client     = @@character_set_client */;
/*!40101 SET character_set_client = utf8 */;
CREATE TABLE `categories` (
  `id` int(10) unsigned NOT NULL AUTO_INCREMENT,
  `name` varchar(256) NOT NULL,
  `icon` varchar(128) DEFAULT NULL,
  PRIMARY KEY (`id`)
) ENGINE=InnoDB AUTO_INCREMENT=9 DEFAULT CHARSET=utf8mb4;
/*!40101 SET character_set_client = @saved_cs_client */;

--
-- Dumping data for table `categories`
--

LOCK TABLES `categories` WRITE;
/*!40000 ALTER TABLE `categories` DISABLE KEYS */;
INSERT INTO `categories` VALUES (1,'Переводы','translation'),(2,'Уборка','clean'),(3,'Переезды','cargo'),(4,'Компьютерная помощь','neo'),(5,'Ремонт квартирный','flat'),(6,'Ремонт техники','repair'),(7,'Красота','beauty'),(8,'Фото','photo');
/*!40000 ALTER TABLE `categories` ENABLE KEYS */;
UNLOCK TABLES;

--
-- Table structure for table `cities`
--

DROP TABLE IF EXISTS `cities`;
/*!40101 SET @saved_cs_client     = @@character_set_client */;
/*!40101 SET character_set_client = utf8 */;
CREATE TABLE `cities` (
  `id` int(10) unsigned NOT NULL AUTO_INCREMENT,
  `name` varchar(256) DEFAULT NULL,
  `lattitude` float DEFAULT NULL,
  `longtitude` float DEFAULT NULL,
  PRIMARY KEY (`id`)
) ENGINE=InnoDB AUTO_INCREMENT=1109 DEFAULT CHARSET=utf8mb4;
/*!40101 SET character_set_client = @saved_cs_client */;

--
-- Dumping data for table `cities`
--

LOCK TABLES `cities` WRITE;
/*!40000 ALTER TABLE `cities` DISABLE KEYS */;
INSERT INTO `cities` VALUES (1,'Абаза',52.6517,90.0886),(2,'Абакан',53.7224,91.4438),(3,'Абдулино',53.6778,53.6473),(4,'Абинск',44.868,38.1618),(5,'Агидель',55.8998,53.9221),(6,'Агрыз',56.5233,52.9943),(7,'Адыгейск',44.8784,39.1902),(8,'Азнакаево',54.8599,53.0746),(9,'Азов',47.1121,39.4233),(10,'Ак-Довурак',51.1786,90.5984),(11,'Аксай',47.2676,39.8755),(12,'Алагир',43.0416,44.2199),(13,'Алапаевск',57.8476,61.6694),(14,'Алатырь',54.8398,46.5721),(15,'Алдан',58.6095,125.382),(16,'Алейск',52.4921,82.7794),(17,'Александров',56.392,38.711),(18,'Александровск',59.1614,57.5765),(19,'Александровск-Сахалинский',50.8974,142.158),(20,'Алексеевка',50.63,38.6882),(21,'Алексин',54.5084,37.0479),(22,'Алзамай',55.555,98.6644),(23,'Алушта',44.6764,34.41),(24,'Альметьевск',54.9014,52.2971),(25,'Амурск',50.2345,136.879),(26,'Анадырь',64.7314,177.502),(27,'Анапа',44.8951,37.3163),(28,'Ангарск',52.5448,103.889),(29,'Андреаполь',56.6507,32.2621),(30,'Анжеро-Судженск',56.0787,86.0202),(31,'Анива',46.7133,142.527),(32,'Апатиты',67.5678,33.4067),(33,'Апрелевка',55.5276,37.0651),(34,'Апшеронск',44.4585,39.73),(35,'Арамиль',56.6945,60.8344),(36,'Аргун',43.2918,45.8724),(37,'Ардатов',54.8466,46.2413),(38,'Ардон',43.1757,44.2956),(39,'Арзамас',55.3948,43.8408),(40,'Аркадак',51.9388,43.4998),(41,'Армавир',45.001,41.1324),(42,'Армянск',46.1059,33.691),(43,'Арсеньев',44.1621,133.27),(44,'Арск',56.0914,49.877),(45,'Артем',43.3501,132.16),(46,'Артемовск',54.3473,93.4357),(47,'Артемовский',57.3384,61.8947),(48,'Архангельск',64.5393,40.517),(49,'Асбест',57.0052,61.4581),(50,'Асино',56.9908,86.1766),(51,'Астрахань',46.3656,48.056),(52,'Аткарск',51.8736,45.0003),(53,'Ахтубинск',48.2753,46.1907),(54,'Ачинск',56.2539,90.4795),(55,'Аша',54.9907,57.2784),(56,'Бабаево',59.3893,35.9378),(57,'Бабушкин',51.7113,105.867),(58,'Бавлы',54.4064,53.2458),(59,'Багратионовск',54.3867,20.6419),(60,'Байкальск',51.5231,104.149),(61,'Баймак',52.5913,58.3112),(62,'Бакал',54.9407,58.8051),(63,'Баксан',43.6821,43.5346),(64,'Балабаново',55.1774,36.6567),(65,'Балаково',52.0223,47.7828),(66,'Балахна',56.495,43.5759),(67,'Балашиха',55.7963,37.9381),(68,'Балашов',51.539,43.184),(69,'Балей',51.5822,116.638),(70,'Балтийск',54.6514,19.9142),(71,'Барабинск',55.3516,78.3465),(72,'Барнаул',53.3481,83.7798),(73,'Барыш',53.6535,47.1181),(74,'Батайск',47.1383,39.7508),(75,'Бахчисарай',44.7514,33.875),(76,'Бежецк',57.7861,36.6903),(77,'Белая Калитва',48.1769,40.8033),(78,'Белая Холуница',58.8415,50.8461),(79,'Белгород',50.5977,36.5858),(80,'Белебей',54.1034,54.1112),(81,'Белев',53.8113,36.1383),(82,'Белинский',52.9641,43.4185),(83,'Белово',54.4221,86.3036),(84,'Белогорск',50.9212,128.474),(85,'Белогорск',45.0572,34.5999),(86,'Белозерск',60.0308,37.7891),(87,'Белокуриха',51.9961,84.984),(88,'Беломорск',64.5378,34.78),(89,'Белорецк',53.9676,58.41),(90,'Белореченск',44.7653,39.878),(91,'Белоусово',55.0958,36.6777),(92,'Белоярский',63.7122,66.6772),(93,'Белый',55.8338,32.9389),(94,'Бердск',54.7582,83.1072),(95,'Березники',59.408,56.8041),(96,'Березовский',55.6693,86.2745),(97,'Березовский',56.9096,60.818),(98,'Беслан',43.1938,44.5339),(99,'Бийск',52.5394,85.2139),(100,'Бикин',46.8186,134.255),(101,'Билибино',68.0586,166.439),(102,'Биробиджан',48.7946,132.922),(103,'Бирск',55.4157,55.5582),(104,'Бирюсинск',55.9609,97.8204),(105,'Бирюч',50.6484,38.4006),(106,'Благовещенск',50.2906,127.527),(107,'Благовещенск',55.05,55.9553),(108,'Благодарный',45.0991,43.4307),(109,'Бобров',51.0902,40.032),(110,'Богданович',56.7764,62.0464),(111,'Богородицк',53.7701,38.1225),(112,'Богородск',56.102,43.5137),(113,'Боготол',56.2099,89.53),(114,'Богучар',49.9353,40.5592),(115,'Бодайбо',57.8469,114.187),(116,'Бокситогорск',59.4735,33.8457),(117,'Болгар',54.9749,49.0303),(118,'Бологое',57.8857,34.0537),(119,'Болотное',55.6694,84.3907),(120,'Болохово',54.0821,37.8268),(121,'Болхов',53.444,36.0077),(122,'Большой Камень',43.1113,132.348),(123,'Бор',56.3565,44.0645),(124,'Борзя',50.3875,116.524),(125,'Борисоглебск',51.3655,42.1009),(126,'Боровичи',58.384,33.9177),(127,'Боровск',55.2131,36.4927),(128,'Бородино',55.9054,94.9021),(129,'Братск',56.1514,101.634),(130,'Бронницы',55.4256,38.2641),(131,'Брянск',53.242,34.3653),(132,'Бугульма',54.5363,52.7895),(133,'Бугуруслан',53.6523,52.4326),(134,'Буденновск',44.7814,44.1651),(135,'Бузулук',52.7881,52.2624),(136,'Буинск',54.9641,48.2901),(137,'Буй',58.4734,41.5307),(138,'Буйнакск',42.8214,47.1164),(139,'Бутурлиновка',50.8313,40.5978),(140,'Валдай',57.9823,33.2369),(141,'Валуйки',50.2113,38.0999),(142,'Велиж',55.6059,31.1857),(143,'Великие Луки',56.3322,30.5508),(144,'Великий Новгород',58.5214,31.2755),(145,'Великий Устюг',60.7603,46.3054),(146,'Вельск',61.066,42.1033),(147,'Венев',54.3542,38.2642),(148,'Верещагино',58.0798,54.6581),(149,'Верея',55.3675,36.1563),(150,'Верхнеуральск',53.8761,59.2169),(151,'Верхний Тагил',57.3763,59.9517),(152,'Верхний Уфалей',56.0487,60.232),(153,'Верхняя Пышма',56.9758,60.5649),(154,'Верхняя Салда',58.0466,60.556),(155,'Верхняя Тура',58.3644,59.8267),(156,'Верхотурье',58.8621,60.8105),(157,'Верхоянск',67.5501,133.391),(158,'Весьегонск',58.6584,37.2569),(159,'Ветлуга',57.8558,45.7763),(160,'Видное',55.5518,37.7062),(161,'Вилюйск',63.7517,121.627),(162,'Вилючинск',52.9304,158.406),(163,'Вихоревка',56.1208,101.17),(164,'Вичуга',57.2045,41.9131),(165,'Владивосток',43.1164,131.882),(166,'Владикавказ',43.0205,44.6819),(167,'Владимир',56.1282,40.4083),(168,'Волгоград',48.7072,44.517),(169,'Волгодонск',47.5165,42.1985),(170,'Волгореченск',57.4424,41.1593),(171,'Волжск',55.8623,48.3716),(172,'Волжский',48.7978,44.7462),(173,'Вологда',59.2484,39.8356),(174,'Володарск',56.2169,43.1598),(175,'Волоколамск',56.0358,35.9585),(176,'Волосово',59.4445,29.4923),(177,'Волхов',59.9006,32.3521),(178,'Волчанск',59.9351,60.0798),(179,'Вольск',52.046,47.3874),(180,'Воркута',67.4973,64.0611),(181,'Воронеж',51.6592,39.1968),(182,'Ворсма',55.99,43.272),(183,'Воскресенск',55.3071,38.7027),(184,'Воткинск',57.0518,53.9875),(185,'Всеволожск',60.019,30.6456),(186,'Вуктыл',63.8615,57.3165),(187,'Выборг',60.7131,28.7329),(188,'Выкса',55.3207,42.1679),(189,'Высоковск',56.3361,36.5251),(190,'Высоцк',60.6297,28.571),(191,'Вытегра',61.0064,36.4496),(192,'Вышний Волочек',57.5683,34.5403),(193,'Вяземский',47.5354,134.755),(194,'Вязники',56.2977,42.2687),(195,'Вязьма',55.2116,34.2951),(196,'Вятские Поляны',56.2286,51.0615),(197,'Гаврилов Посад',56.5586,40.1228),(198,'Гаврилов-Ям',57.3092,39.8545),(199,'Гагарин',55.5527,34.9949),(200,'Гаджиево',69.249,33.3152),(201,'Гай',51.4649,58.4436),(202,'Галич',58.3827,42.3655),(203,'Гатчина',59.5651,30.1282),(204,'Гвардейск',54.6589,21.0501),(205,'Гдов',58.7433,27.8263),(206,'Геленджик',44.5631,38.079),(207,'Георгиевск',44.1486,43.474),(208,'Глазов',58.1359,52.6635),(209,'Голицыно',55.619,36.9856),(210,'Горбатов',56.1308,43.0627),(211,'Горно-Алтайск',51.9583,85.9603),(212,'Горнозаводск',58.3743,58.323),(213,'Горняк',50.9979,81.4643),(214,'Городец',56.6447,43.4723),(215,'Городище',53.2728,45.7027),(216,'Городовиковск',46.0875,41.9354),(217,'Гороховец',56.2021,42.6925),(218,'Горячий Ключ',44.6343,39.1356),(219,'Грайворон',50.4863,35.6663),(220,'Гремячинск',58.5626,57.852),(221,'Грозный',43.3179,45.6981),(222,'Грязи',52.4874,39.9332),(223,'Грязовец',58.8758,40.2485),(224,'Губаха',58.837,57.5544),(225,'Губкин',51.2836,37.5348),(226,'Губкинский',64.4457,76.4715),(227,'Гудермес',43.3519,46.1036),(228,'Гуково',48.0449,39.9485),(229,'Гулькевичи',45.3606,40.6918),(230,'Гурьевск',54.7705,20.6039),(231,'Гурьевск',54.286,85.9477),(232,'Гусев',54.5915,22.1944),(233,'Гусиноозерск',51.2866,106.523),(234,'Гусь-Хрустальный',55.6198,40.6579),(235,'Давлеканово',54.2228,55.0313),(236,'Дагестанские Огни',42.1151,48.194),(237,'Далматово',56.2621,62.9387),(238,'Дальнегорск',44.554,135.566),(239,'Дальнереченск',45.9308,133.732),(240,'Данилов',58.186,40.1797),(241,'Данков',53.2577,39.1458),(242,'Дегтярск',56.7048,60.0792),(243,'Дедовск',55.8705,37.1245),(244,'Демидов',55.2683,31.5062),(245,'Дербент',42.0589,48.2909),(246,'Десногорск',54.1465,33.2834),(247,'Джанкой',45.7092,34.3883),(248,'Дзержинск',56.2376,43.4599),(249,'Дзержинский',55.6241,37.8441),(250,'Дивногорск',55.9578,92.3801),(251,'Дигора',43.1567,44.1551),(252,'Димитровград',54.2168,49.6262),(253,'Дмитриев',52.1269,35.074),(254,'Дмитров',56.3477,37.5267),(255,'Дмитровск',52.5053,35.1415),(256,'Дно',57.827,29.963),(257,'Добрянка',58.4696,56.4131),(258,'Долгопрудный',55.9385,37.5101),(259,'Долинск',47.3256,142.795),(260,'Домодедово',55.4364,37.7666),(261,'Донецк',48.3351,39.9461),(262,'Донской',53.968,38.3372),(263,'Дорогобуж',54.9138,33.3025),(264,'Дрезна',55.7443,38.8499),(265,'Дубна',56.7418,37.1757),(266,'Дубовка',49.0555,44.8271),(267,'Дудинка',69.4031,86.1908),(268,'Духовщина',55.195,32.4012),(269,'Дюртюли',55.4848,54.8525),(270,'Дятьково',53.5958,34.3551),(271,'Евпатория',45.1904,33.3668),(272,'Егорьевск',55.3831,39.0358),(273,'Ейск',46.7115,38.2765),(274,'Екатеринбург',56.8386,60.6055),(275,'Елабуга',55.7567,52.0544),(276,'Елец',52.6152,38.5289),(277,'Елизово',53.183,158.388),(278,'Ельня',54.5837,33.175),(279,'Еманжелинск',54.7554,61.3244),(280,'Емва',62.5965,50.8732),(281,'Енисейск',58.4485,92.1652),(282,'Ермолино',55.1973,36.5952),(283,'Ершов',51.3508,48.2763),(284,'Ессентуки',44.0445,42.8589),(285,'Ефремов',53.1466,38.0922),(286,'Железноводск',44.1321,43.0306),(287,'Железногорск',56.2529,93.5322),(288,'Железногорск',52.3379,35.3517),(289,'Железногорск-Илимский',56.5847,104.114),(290,'Жердевка',51.8422,41.4617),(291,'Жигулевск',53.4012,49.4945),(292,'Жиздра',53.7522,34.7387),(293,'Жирновск',50.9768,44.7858),(294,'Жуков',55.0301,36.7393),(295,'Жуковка',53.5341,33.7302),(296,'Жуковский',55.5998,38.1224),(297,'Завитинск',50.1065,129.439),(298,'Заводоуковск',56.5012,66.5505),(299,'Заволжск',57.4917,42.1374),(300,'Заволжье',56.6404,43.3872),(301,'Задонск',52.4005,38.9206),(302,'Заинск',55.2989,52.0064),(303,'Закаменск',50.3727,103.287),(304,'Заозерный',55.9617,94.7091),(305,'Заозерск',69.4004,32.4502),(306,'Западная Двина',56.2568,32.0806),(307,'Заполярный',69.4132,30.7985),(308,'Зарайск',54.7626,38.8851),(309,'Заречный',53.1961,45.1692),(310,'Заречный',56.8103,61.3381),(311,'Заринск',53.7063,84.9315),(312,'Звенигово',55.9739,48.017),(313,'Звенигород',55.7296,36.8553),(314,'Зверево',48.0434,40.1265),(315,'Зеленогорск',56.1133,94.5889),(316,'Зеленоградск',54.96,20.4753),(317,'Зеленодольск',55.8467,48.5011),(318,'Зеленокумск',44.4034,43.8841),(319,'Зерноград',46.8495,40.3128),(320,'Зея',53.7339,127.266),(321,'Зима',53.9207,102.049),(322,'Златоуст',55.1716,59.6726),(323,'Злынка',52.4266,31.736),(324,'Змеиногорск',51.158,82.1872),(325,'Знаменск',48.5866,45.7368),(326,'Зубцов',56.1761,34.5826),(327,'Зуевка',58.4032,51.1331),(328,'Ивангород',59.3766,28.2231),(329,'Иваново',56.9995,40.9728),(330,'Ивантеевка',55.9742,37.9209),(331,'Ивдель',60.6944,60.4245),(332,'Игарка',67.4668,86.5814),(333,'Ижевск',56.8527,53.2114),(334,'Избербаш',42.5651,47.871),(335,'Изобильный',45.3684,41.7086),(336,'Иланский',56.2374,96.0673),(337,'Инза',53.855,46.3533),(338,'Инкерман',44.6135,33.6101),(339,'Иннополис',55.7522,48.7446),(340,'Инсар',53.877,44.3697),(341,'Инта',66.0368,60.1155),(342,'Ипатово',45.7182,42.897),(343,'Ирбит',57.6838,63.0577),(344,'Иркутск',52.2864,104.281),(345,'Исилькуль',54.9096,71.2816),(346,'Искитим',54.6267,83.2951),(347,'Истра',55.9061,36.8601),(348,'Ишим',56.0952,69.4643),(349,'Ишимбай',53.4546,56.0439),(350,'Йошкар-Ола',56.6344,47.8998),(351,'Кадников',59.5038,40.344),(352,'Казань',55.7944,49.1115),(353,'Калач',50.4241,41.0163),(354,'Калачинск',55.0599,74.5655),(355,'Калач-на-Дону',48.6888,43.5307),(356,'Калининград',54.7073,20.5072),(357,'Калининск',51.4993,44.471),(358,'Калтан',53.521,87.2772),(359,'Калуга',54.506,36.2516),(360,'Калязин',57.2579,37.7821),(361,'Камбарка',56.266,54.1934),(362,'Каменка',53.1855,44.0468),(363,'Каменногорск',60.9509,29.1308),(364,'Каменск-Уральский',56.4149,61.919),(365,'Каменск-Шахтинский',48.3204,40.2689),(366,'Камень-на-Оби',53.7915,81.3545),(367,'Камешково',56.3489,40.9956),(368,'Камызяк',46.1105,48.0733),(369,'Камышин',50.0651,45.3844),(370,'Камышлов',56.8465,62.712),(371,'Канаш',55.507,47.4918),(372,'Кандалакша',67.1567,32.4142),(373,'Канск',56.205,95.7051),(374,'Карабаново',56.3133,38.7034),(375,'Карабаш',55.4852,60.2359),(376,'Карабулак',43.3055,44.9095),(377,'Карасук',53.7344,78.0425),(378,'Карачаевск',43.7732,41.9144),(379,'Карачев',53.1297,34.9888),(380,'Каргат',55.1944,80.2831),(381,'Каргополь',61.5009,38.9636),(382,'Карпинск',59.7664,60.0012),(383,'Карталы',53.0536,60.6477),(384,'Касимов',54.9374,41.3913),(385,'Касли',55.8868,60.7423),(386,'Каспийск',42.8917,47.6367),(387,'Катав-Ивановск',54.752,58.1984),(388,'Катайск',56.2908,62.5801),(389,'Качканар',58.7052,59.484),(390,'Кашин',57.3601,37.6119),(391,'Кашира',54.8534,38.1904),(392,'Кедровый',57.5618,79.5679),(393,'Кемерово',55.391,86.0468),(394,'Кемь',64.9544,34.5949),(395,'Керчь',45.3561,36.4674),(396,'Кизел',59.0512,57.6471),(397,'Кизилюрт',43.2039,46.8729),(398,'Кизляр',43.8484,46.7233),(399,'Кимовск',53.9698,38.538),(400,'Кимры',56.8734,37.3557),(401,'Кингисепп',59.3739,28.6113),(402,'Кинель',53.221,50.6343),(403,'Кинешма',57.4425,42.169),(404,'Киреевск',53.9321,37.9221),(405,'Киренск',57.7757,108.111),(406,'Киржач',56.1485,38.8635),(407,'Кириллов',59.859,38.375),(408,'Кириши',59.4743,32.0626),(409,'Киров',54.0791,34.3078),(410,'Киров',58.6035,49.6679),(411,'Кировград',57.4298,60.0624),(412,'Кирово-Чепецк',58.556,50.0318),(413,'Кировск',59.8754,30.9815),(414,'Кировск',67.6151,33.6637),(415,'Кирс',59.3401,52.2416),(416,'Кирсанов',52.6506,42.7285),(417,'Киселевск',54.006,86.6367),(418,'Кисловодск',43.9052,42.7167),(419,'Клин',56.3425,36.7241),(420,'Клинцы',52.7529,32.2339),(421,'Княгинино',55.8205,45.0323),(422,'Ковдор',67.5661,30.4742),(423,'Ковров',56.3554,41.317),(424,'Ковылкино',54.0391,43.9191),(425,'Когалым',62.2639,74.4829),(426,'Кодинск',58.6034,99.1798),(427,'Козельск',54.0348,35.7807),(428,'Козловка',55.8407,48.2579),(429,'Козьмодемьянск',56.3333,46.5466),(430,'Кола',68.8785,33.0262),(431,'Кологрив',58.827,44.3185),(432,'Коломна',55.1028,38.7532),(433,'Колпашево',58.3115,82.9028),(434,'Кольчугино',56.3328,39.3912),(435,'Коммунар',59.6216,30.3935),(436,'Комсомольск',57.0274,40.3776),(437,'Комсомольск-на-Амуре',50.55,137.008),(438,'Конаково',56.7276,36.8012),(439,'Кондопога',62.206,34.2682),(440,'Кондрово',54.7961,35.9276),(441,'Константиновск',47.5773,41.0967),(442,'Копейск',55.1168,61.6181),(443,'Кораблино',53.9245,40.0228),(444,'Кореновск',45.4641,39.459),(445,'Коркино',54.8903,61.4035),(446,'Королев',55.9163,37.8545),(447,'Короча',50.813,37.1897),(448,'Корсаков',46.6324,142.799),(449,'Коряжма',61.2886,47.1002),(450,'Костерево',55.9336,39.6248),(451,'Костомукша',64.589,30.6016),(452,'Кострома',57.8029,40.9907),(453,'Котельники',55.6599,37.8633),(454,'Котельниково',47.6311,43.1331),(455,'Котельнич',58.3035,48.3474),(456,'Котлас',61.253,46.6332),(457,'Котово',50.3205,44.8032),(458,'Котовск',52.5924,41.5103),(459,'Кохма',56.9325,41.0933),(460,'Красавино',60.9614,46.4815),(461,'Красноармейск',51.0269,45.7011),(462,'Красноармейск',51.0236,45.6951),(463,'Красновишерск',60.3902,57.0537),(464,'Красногорск',55.8318,37.3294),(465,'Краснодар',45.0402,38.9761),(466,'Краснозаводск',56.4409,38.2321),(467,'Краснознаменск',54.9453,22.4929),(468,'Краснознаменск',55.5979,37.0395),(469,'Краснокаменск',50.0929,118.032),(470,'Краснокамск',58.0821,55.748),(471,'Красноперекопск',45.9538,33.7922),(472,'Краснослободск',48.7069,44.5632),(473,'Краснослободск',54.4249,43.7845),(474,'Краснотурьинск',59.7637,60.1934),(475,'Красноуральск',58.3486,60.0409),(476,'Красноуфимск',56.6123,57.7637),(477,'Красноярск',56.0095,92.8524),(478,'Красный Кут',50.9597,46.9712),(479,'Красный Сулин',47.8831,40.0781),(480,'Красный Холм',58.057,37.1126),(481,'Кременки',54.8863,37.1169),(482,'Кропоткин',45.4332,40.5728),(483,'Крымск',44.9344,37.9855),(484,'Кстово',56.1433,44.1665),(485,'Кубинка',55.5756,36.6952),(486,'Кувандык',51.4785,57.3612),(487,'Кувшиново',57.0264,34.1676),(488,'Кудымкар',59.0169,54.6573),(489,'Кузнецк',53.1132,46.6053),(490,'Куйбышев',55.4684,78.3241),(491,'Кулебаки',55.4297,42.5125),(492,'Кумертау',52.7566,55.797),(493,'Кунгур',57.4283,56.9438),(494,'Купино',54.366,77.2973),(495,'Курган',55.4443,65.3161),(496,'Курганинск',44.8876,40.5914),(497,'Курильск',45.2272,147.88),(498,'Курлово',55.4526,40.6124),(499,'Куровское',55.5791,38.9209),(500,'Курск',51.7303,36.1926),(501,'Куртамыш',54.9368,64.4203),(502,'Курчатов',51.6605,35.6572),(503,'Куса',55.3385,59.4386),(504,'Кушва',58.2825,59.7646),(505,'Кызыл',51.7192,94.4377),(506,'Кыштым',55.706,60.5563),(507,'Кяхта',50.3466,106.453),(508,'Лабинск',44.6353,40.7244),(509,'Лабытнанги',66.6592,66.3883),(510,'Лагань',45.393,47.3433),(511,'Ладушкин',54.5694,20.1692),(512,'Лаишево',55.4043,49.5498),(513,'Лакинск',56.0181,39.9565),(514,'Лангепас',61.2537,75.1808),(515,'Лахденпохья',61.5189,30.1996),(516,'Лебедянь',53.0157,39.1435),(517,'Лениногорск',54.5967,52.4432),(518,'Ленинск',48.6936,45.1993),(519,'Ленинск-Кузнецкий',54.6674,86.1797),(520,'Ленск',60.7276,114.955),(521,'Лермонтов',44.1053,42.9731),(522,'Лесной',58.635,59.7981),(523,'Лесозаводск',45.478,133.419),(524,'Лесосибирск',58.2218,92.5037),(525,'Ливны',52.4285,37.6039),(526,'Ликино-Дулево',55.7079,38.9577),(527,'Липецк',52.6103,39.5946),(528,'Липки',53.9418,37.7019),(529,'Лиски',50.9945,39.5183),(530,'Лихославль',57.1223,35.4668),(531,'Лобня',56.0329,37.4615),(532,'Лодейное Поле',60.7321,33.5522),(533,'Лосино-Петровский',55.8714,38.2005),(534,'Луга',58.7374,29.8467),(535,'Луза',60.6291,47.2612),(536,'Лукоянов',55.0327,44.4934),(537,'Луховицы',54.9652,39.0261),(538,'Лысково',56.0262,45.0357),(539,'Лысьва',58.0996,57.8086),(540,'Лыткарино',55.5778,37.9035),(541,'Льгов',51.6597,35.2612),(542,'Любань',59.3493,31.2485),(543,'Люберцы',55.7004,37.9607),(544,'Любим',58.362,40.687),(545,'Людиново',53.8701,34.4385),(546,'Лянтор',61.6392,72.1794),(547,'Магадан',59.5682,150.809),(548,'Магас',43.1687,44.8131),(549,'Магнитогорск',53.4072,58.9791),(550,'Майкоп',44.6098,40.1007),(551,'Майский',43.6282,44.0517),(552,'Макаров',48.6236,142.78),(553,'Макарьев',57.8809,43.8014),(554,'Макушино',55.2154,67.2453),(555,'Малая Вишера',58.8458,32.2248),(556,'Малгобек',43.5097,44.5902),(557,'Малмыж',56.5244,50.6783),(558,'Малоархангельск',52.4001,36.5038),(559,'Малоярославец',55.0177,36.4632),(560,'Мамадыш',55.715,51.4129),(561,'Мамоново',54.4646,19.9454),(562,'Мантурово',58.3265,44.7575),(563,'Мариинск',56.2128,87.7454),(564,'Мариинский Посад',56.112,47.7143),(565,'Маркс',51.7134,46.7401),(566,'Махачкала',42.9849,47.5046),(567,'Мглин',53.0601,32.8467),(568,'Мегион',61.0319,76.1025),(569,'Медвежьегорск',62.9128,34.4568),(570,'Медногорск',51.4039,57.5832),(571,'Медынь',54.9691,35.8873),(572,'Межгорье',54.2397,57.9615),(573,'Междуреченск',53.6866,88.0704),(574,'Мезень',65.8398,44.2532),(575,'Меленки',55.3387,41.6341),(576,'Мелеуз',52.9591,55.9283),(577,'Менделеевск',55.8951,52.3144),(578,'Мензелинск',55.7271,53.1005),(579,'Мещовск',54.3191,35.2816),(580,'Миасс',55.0456,60.1078),(581,'Микунь',62.358,50.072),(582,'Миллерово',48.9258,40.3983),(583,'Минеральные Воды',44.2089,43.1383),(584,'Минусинск',53.7106,91.6872),(585,'Миньяр',55.071,57.5484),(586,'Мирный',62.7644,40.336),(587,'Мирный',62.5363,113.967),(588,'Михайлов',54.2296,39.0091),(589,'Михайловка',50.0709,43.2401),(590,'Михайловск',56.437,59.1139),(591,'Михайловск',45.1296,42.0288),(592,'Мичуринск',52.8913,40.5105),(593,'Могоча',53.7362,119.766),(594,'Можайск',55.507,36.0241),(595,'Можга',56.4427,52.2139),(596,'Моздок',43.7471,44.6571),(597,'Мончегорск',67.9385,32.9359),(598,'Морозовск',48.3512,41.8308),(599,'Моршанск',53.4436,41.8116),(600,'Мосальск',54.4826,34.9872),(601,'Муравленко',63.7942,74.4949),(602,'Мураши',59.3956,48.9638),(603,'Мурманск',69.0077,33.0686),(604,'Муром',55.5632,42.023),(605,'Мценск',53.279,36.575),(606,'Мыски',53.7126,87.8057),(607,'Мытищи',55.9105,37.7364),(608,'Мышкин',57.7882,38.4543),(609,'Набережные Челны',55.7436,52.3959),(610,'Навашино',55.5439,42.1888),(611,'Наволоки',57.4678,41.9607),(612,'Надым',65.5378,72.5183),(613,'Назарово',56.0113,90.4168),(614,'Назрань',43.2258,44.7647),(615,'Называевск',55.5689,71.3503),(616,'Нальчик',43.4846,43.607),(617,'Нариманов',46.6917,47.8502),(618,'Наро-Фоминск',55.3803,36.7608),(619,'Нарткала',43.5577,43.8576),(620,'Нарьян-Мар',67.6382,53.0069),(621,'Находка',42.824,132.893),(622,'Невель',56.0202,29.9241),(623,'Невельск',46.6527,141.863),(624,'Невинномысск',44.6227,41.9476),(625,'Невьянск',57.4912,60.2182),(626,'Нелидово',56.2232,32.7767),(627,'Неман',55.0316,22.0324),(628,'Нерехта',57.4544,40.5725),(629,'Нерчинск',51.9596,116.585),(630,'Нерюнгри',56.66,124.72),(631,'Нестеров',54.6314,22.5714),(632,'Нефтегорск',52.7973,51.1637),(633,'Нефтекамск',56.0883,54.2483),(634,'Нефтекумск',44.7545,44.9865),(635,'Нефтеюганск',61.0883,72.6164),(636,'Нея',58.2944,43.8781),(637,'Нижневартовск',60.9397,76.5696),(638,'Нижнекамск',55.6312,51.8144),(639,'Нижнеудинск',54.8969,99.0313),(640,'Нижние Серги',56.6545,59.2952),(641,'Нижний Ломов',53.5301,43.6729),(642,'Нижний Новгород',56.3242,44.0054),(643,'Нижний Тагил',57.9101,59.9813),(644,'Нижняя Салда',58.0749,60.7027),(645,'Нижняя Тура',58.6311,59.8521),(646,'Николаевск',50.0167,45.4733),(647,'Николаевск-на-Амуре',53.1462,140.711),(648,'Никольск',59.535,45.4575),(649,'Никольск',53.7138,46.08),(650,'Никольское',59.7043,30.7875),(651,'Новая Ладога',60.11,32.3141),(652,'Новая Ляля',59.054,60.5945),(653,'Новоалександровск',45.4934,41.2154),(654,'Новоалтайск',53.4121,83.9311),(655,'Новоаннинский',50.5297,42.6666),(656,'Нововоронеж',51.3092,39.2163),(657,'Новодвинск',64.4136,40.8208),(658,'Новозыбков',52.5371,31.9357),(659,'Новокубанск',45.1039,41.0474),(660,'Новокузнецк',53.7943,87.2144),(661,'Новокуйбышевск',53.0995,49.9478),(662,'Новомичуринск',54.0378,39.7467),(663,'Новомосковск',54.011,38.2916),(664,'Новопавловск',43.9618,43.6343),(665,'Новоржев',57.0298,29.3433),(666,'Новороссийск',44.7234,37.7687),(667,'Новосибирск',55.0281,82.9211),(668,'Новосиль',52.9747,37.0438),(669,'Новосокольники',56.3408,30.1528),(670,'Новотроицк',51.1965,58.3017),(671,'Новоузенск',50.4552,48.1413),(672,'Новоульяновск',54.1448,48.3912),(673,'Новоуральск',57.2472,60.0957),(674,'Новохоперск',51.0953,41.6174),(675,'Новочебоксарск',56.1095,47.4791),(676,'Новочеркасск',47.4119,40.1042),(677,'Новошахтинск',47.7577,39.9365),(678,'Новый Оскол',50.7635,37.8774),(679,'Новый Уренгой',66.084,76.681),(680,'Ногинск',55.8686,38.4622),(681,'Нолинск',57.5597,49.9358),(682,'Норильск',69.3491,88.201),(683,'Ноябрьск',63.2018,75.451),(684,'Нурлат',54.4282,50.805),(685,'Нытва',57.9337,55.3357),(686,'Нюрба',63.2829,118.324),(687,'Нягань',62.1455,65.3944),(688,'Нязепетровск',56.0537,59.6097),(689,'Няндома',61.6654,40.2062),(690,'Облучье',49.0188,131.054),(691,'Обнинск',55.0944,36.6122),(692,'Обоянь',51.212,36.2754),(693,'Обь',54.9946,82.6938),(694,'Одинцово',55.6789,37.2636),(695,'Озерск',54.4085,22.0135),(696,'Озерск',55.7632,60.7076),(697,'Озеры',54.854,38.5599),(698,'Октябрьск',53.1641,48.6707),(699,'Октябрьский',54.4815,53.4657),(700,'Окуловка',58.3909,33.2902),(701,'Олекминск',60.3758,120.406),(702,'Оленегорск',68.1422,33.267),(703,'Олонец',60.9794,32.9726),(704,'Омск',54.9848,73.3675),(705,'Омутнинск',58.6698,52.1894),(706,'Онега',63.9164,38.0806),(707,'Опочка',56.7108,28.6717),(708,'Орёл',52.9673,36.0696),(709,'Оренбург',51.7875,55.1017),(710,'Орехово-Зуево',55.8152,38.9871),(711,'Орлов',58.5389,48.8929),(712,'Орск',51.2293,58.4752),(713,'Оса',57.289,55.4689),(714,'Осинники',53.5987,87.337),(715,'Осташков',57.1457,33.1117),(716,'Остров',57.3452,28.3437),(717,'Островной',68.0509,39.5076),(718,'Острогожск',50.8678,39.0406),(719,'Отрадное',59.7726,30.7988),(720,'Отрадный',53.3801,51.3439),(721,'Оха',53.5868,142.941),(722,'Оханск',57.7179,55.3872),(723,'Очер',57.8852,54.7162),(724,'Павлово',55.9798,43.0996),(725,'Павловск',50.4534,40.1369),(726,'Павловский Посад',55.7807,38.6596),(727,'Палласовка',50.0501,46.8803),(728,'Партизанск',43.128,133.126),(729,'Певек',69.7018,170.3),(730,'Пенза',53.1754,45.0347),(731,'Первомайск',54.8676,43.8013),(732,'Первоуральск',56.9082,59.9429),(733,'Перевоз',55.5969,44.545),(734,'Пересвет',56.4159,38.1734),(735,'Переславль-Залесский',56.736,38.8543),(736,'Пермь',58.0103,56.2342),(737,'Пестово',58.5974,35.8145),(738,'Петров Вал',50.138,45.2091),(739,'Петровск',52.3094,45.3852),(740,'Петровск-Забайкальский',51.2748,108.847),(741,'Петрозаводск',61.7891,34.3596),(742,'Петропавловск-Камчатский',53.037,158.656),(743,'Петухово',55.065,67.8874),(744,'Петушки',55.9298,39.4508),(745,'Печора',65.1486,57.2239),(746,'Печоры',57.8147,27.6223),(747,'Пикалево',59.5131,34.1774),(748,'Пионерский',54.9517,20.2277),(749,'Питкяранта',61.5757,31.4641),(750,'Плавск',53.7096,37.2863),(751,'Пласт',54.3692,60.8152),(752,'Плес',57.4605,41.5123),(753,'Поворино',51.1953,42.2472),(754,'Подольск',55.439,37.5703),(755,'Подпорожье',60.9127,34.1568),(756,'Покачи',61.7422,75.5942),(757,'Покров',55.9167,39.1734),(758,'Покровск',61.4844,129.148),(759,'Полевской',56.4958,60.2366),(760,'Полесск',54.8626,21.0998),(761,'Полысаево',54.6054,86.2809),(762,'Полярные Зори',67.373,32.4975),(763,'Полярный',69.1988,33.451),(764,'Поронайск',49.2388,143.101),(765,'Порхов',57.7764,29.5436),(766,'Похвистнево',53.6498,52.1236),(767,'Почеп',52.9155,33.4745),(768,'Починок',54.4063,32.4398),(769,'Пошехонье',58.5063,39.121),(770,'Правдинск',54.4431,21.0084),(771,'Приволжск',57.3807,41.2809),(772,'Приморск',54.7311,19.9983),(773,'Приморск',60.3661,28.6136),(774,'Приморско-Ахтарск',46.0515,38.1705),(775,'Приозерск',61.0331,30.1588),(776,'Прокопьевск',53.8605,86.7183),(777,'Пролетарск',46.7039,41.7275),(778,'Протвино',54.8707,37.2183),(779,'Прохладный',43.759,44.0102),(780,'Псков',57.8193,28.3318),(781,'Пугачев',52.0158,48.7973),(782,'Пудож',61.8059,36.533),(783,'Пустошка',56.3375,29.3668),(784,'Пучеж',56.9821,43.1684),(785,'Пушкино',56.0105,37.8471),(786,'Пущино',54.8325,37.621),(787,'Пыталово',57.0637,27.9235),(788,'Пыть-Ях',60.7586,72.8366),(789,'Пятигорск',44.0412,43.0661),(790,'Радужный',55.9961,40.3323),(791,'Радужный',62.1343,77.4584),(792,'Райчихинск',49.7942,129.411),(793,'Раменское',55.5495,38.273),(794,'Рассказово',52.6538,41.8744),(795,'Ревда',56.7987,59.9071),(796,'Реж',57.3718,61.3833),(797,'Реутов',55.7582,37.8619),(798,'Ржев',56.2629,34.3291),(799,'Родники',57.1024,41.7299),(800,'Рославль',53.945,32.848),(801,'Россошь',50.1701,39.6226),(802,'Ростов',57.205,39.4378),(803,'Ростов-на-Дону',47.2224,39.7188),(804,'Рошаль',55.6632,39.8655),(805,'Ртищево',52.2616,43.7842),(806,'Рубцовск',51.5013,81.2078),(807,'Рудня',54.9441,31.0795),(808,'Руза',55.7015,36.196),(809,'Рузаевка',54.0583,44.9491),(810,'Рыбинск',58.0484,38.8583),(811,'Рыбное',54.7256,39.5134),(812,'Рыльск',51.5682,34.6802),(813,'Ряжск',53.7068,40.0521),(814,'Рязань',54.6255,39.736),(815,'Саки',45.1343,33.6033),(816,'Салават',53.3616,55.9246),(817,'Салаир',54.2352,85.8029),(818,'Салехард',66.5494,66.6084),(819,'Сальск',46.4752,41.5412),(820,'Самара',53.1952,50.1068),(821,'Саранск',54.1808,45.1862),(822,'Сарапул',56.4616,53.8037),(823,'Саратов',51.5304,45.953),(824,'Саров',54.9227,43.3448),(825,'Сасово',54.3508,41.9117),(826,'Сатка',55.0405,59.0288),(827,'Сафоново',55.12,33.2338),(828,'Саяногорск',53.1008,91.4122),(829,'Саянск',54.1108,102.18),(830,'Светлогорск',54.944,20.1515),(831,'Светлоград',45.3285,42.8567),(832,'Светлый',54.6774,20.1357),(833,'Светогорск',61.1113,28.8727),(834,'Свирск',53.0843,103.336),(835,'Свободный',51.3613,128.122),(836,'Себеж',56.2908,28.4726),(837,'Северобайкальск',55.6357,109.336),(838,'Северодвинск',64.5625,39.8183),(839,'Северо-Курильск',50.6731,156.128),(840,'Североморск',69.0765,33.4178),(841,'Североуральск',60.1533,59.9525),(842,'Северск',56.6031,84.881),(843,'Севск',52.1484,34.4918),(844,'Сегежа',63.7437,34.3127),(845,'Сельцо',53.3739,34.1059),(846,'Семенов',56.7889,44.4904),(847,'Семикаракорск',47.5178,40.8116),(848,'Семилуки',51.6952,39.019),(849,'Сенгилей',53.9591,48.7768),(850,'Серафимович',49.5663,42.736),(851,'Сергач',55.52,45.4813),(852,'Сергиев Посад',56.3063,38.1503),(853,'Сердобск',52.4698,44.2123),(854,'Серов',59.6049,60.5752),(855,'Серпухов',54.9225,37.4033),(856,'Сертолово',60.1446,30.2095),(857,'Сибай',52.7206,58.6663),(858,'Сим',54.9907,57.6899),(859,'Симферополь',44.9483,34.1001),(860,'Сковородино',53.9871,123.944),(861,'Скопин',53.8236,39.5493),(862,'Славгород',52.9993,78.646),(863,'Славск',55.0451,21.6742),(864,'Славянск-на-Кубани',45.2605,38.1261),(865,'Сланцы',59.1179,28.0881),(866,'Слободской',58.7312,50.167),(867,'Слюдянка',51.6563,103.719),(868,'Смоленск',54.7867,31.8153),(869,'Снежинск',56.0852,60.7325),(870,'Снежногорск',69.1921,33.2383),(871,'Собинка',55.9938,40.018),(872,'Советск',55.081,21.8886),(873,'Советск',57.5841,48.9589),(874,'Советск',53.9337,37.6315),(875,'Советская Гавань',48.9665,140.285),(876,'Советский',61.3707,63.5669),(877,'Сокол',59.4759,40.1114),(878,'Солигалич',59.0787,42.2877),(879,'Соликамск',59.6484,56.771),(880,'Солнечногорск',56.2149,37.0968),(881,'Сольвычегодск',61.3318,46.9203),(882,'Соль-Илецк',51.1635,54.9895),(883,'Сольцы',58.1202,30.3093),(884,'Сорочинск',52.4265,53.1542),(885,'Сорск',54.0001,90.2596),(886,'Сортавала',61.7032,30.6917),(887,'Сосенский',54.0565,35.9621),(888,'Сосновка',56.2533,51.2833),(889,'Сосновоборск',56.1202,93.3353),(890,'Сосновый Бор',59.8773,29.1291),(891,'Сосногорск',63.599,53.8763),(892,'Сочи',43.5856,39.7231),(893,'Спас-Деменск',54.4099,34.019),(894,'Спас-Клепики',55.1291,40.1745),(895,'Спасск',53.9272,43.186),(896,'Спасск-Дальний',44.5901,132.816),(897,'Спасск-Рязанский',54.4072,40.3764),(898,'Среднеколымск',67.4582,153.707),(899,'Среднеуральск',56.9919,60.4772),(900,'Сретенск',52.2462,117.712),(901,'Ставрополь',45.0445,41.969),(902,'Старая Купавна',55.8038,38.1426),(903,'Старая Русса',57.9907,31.3555),(904,'Старица',56.515,34.9335),(905,'Стародуб',52.5852,32.7604),(906,'Старый Крым',45.0291,35.0901),(907,'Старый Оскол',51.2966,37.835),(908,'Стерлитамак',53.6302,55.9316),(909,'Стрежевой',60.7328,77.604),(910,'Строитель',50.7846,36.4887),(911,'Струнино',56.375,38.5839),(912,'Ступино',54.9238,38.1187),(913,'Суворов',54.1345,36.4807),(914,'Судак',44.8506,34.9762),(915,'Суджа',51.192,35.272),(916,'Судогда',55.9499,40.8563),(917,'Суздаль',56.4274,40.4526),(918,'Суоярви',62.0788,32.3499),(919,'Сураж',53.0171,32.3938),(920,'Сургут',61.254,73.3962),(921,'Суровикино',48.619,42.8541),(922,'Сурск',53.0761,45.6912),(923,'Сусуман',62.7805,148.154),(924,'Сухиничи',54.0974,35.3443),(925,'Сухой Лог',56.9076,62.0359),(926,'Сызрань',53.1557,48.4745),(927,'Сыктывкар',61.6688,50.8356),(928,'Сысерть',56.5005,60.8191),(929,'Сычевка',55.8307,34.2779),(930,'Сясьстрой',60.1402,32.5602),(931,'Тавда',58.0434,65.2743),(932,'Таганрог',47.2095,38.9352),(933,'Тайга',56.0623,85.6208),(934,'Тайшет',55.9405,98.0031),(935,'Талдом',56.7309,37.5276),(936,'Талица',57.0123,63.7322),(937,'Тамбов',52.7213,41.4523),(938,'Тара',56.9159,74.365),(939,'Тарко-Сале',64.9118,77.761),(940,'Таруса',54.7237,37.1671),(941,'Татарск',55.2146,75.9741),(942,'Таштагол',52.7594,87.8477),(943,'Тверь',56.8585,35.9118),(944,'Теберда',43.4438,41.7415),(945,'Тейково',56.8543,40.5355),(946,'Темников',54.6309,43.2162),(947,'Темрюк',45.2611,37.4455),(948,'Терек',43.4838,44.1403),(949,'Тетюши',54.9366,48.8315),(950,'Тимашевск',45.6159,38.9351),(951,'Тихвин',59.6274,33.5072),(952,'Тихорецк',45.8547,40.1259),(953,'Тобольск',58.2017,68.2538),(954,'Тогучин',55.225,84.4104),(955,'Тольятти',53.5206,49.3895),(956,'Томари',47.762,142.062),(957,'Томмот',58.9587,126.288),(958,'Томск',56.4847,84.9482),(959,'Топки',55.2766,85.6153),(960,'Торжок',57.0413,34.9601),(961,'Торопец',56.5012,31.6354),(962,'Тосно',59.5407,30.8778),(963,'Тотьма',59.9735,42.759),(964,'Трехгорный',54.8178,58.4465),(965,'Троицк',54.0844,61.5586),(966,'Трубчевск',52.5791,33.766),(967,'Туапсе',44.1104,39.0826),(968,'Туймазы',54.6,53.6949),(969,'Тула',54.192,37.6154),(970,'Тулун',54.5571,100.578),(971,'Туран',52.1449,93.9173),(972,'Туринск',58.0394,63.6981),(973,'Тутаев',57.8674,39.5368),(974,'Тында',55.1546,124.747),(975,'Тырныауз',43.3982,42.9215),(976,'Тюкалинск',55.8705,72.1956),(977,'Тюмень',57.1531,65.5343),(978,'Уварово',51.9769,42.253),(979,'Углегорск',49.0816,142.069),(980,'Углич',57.5224,38.302),(981,'Удачный',66.4072,112.306),(982,'Удомля',57.8788,35.0167),(983,'Ужур',55.3142,89.8334),(984,'Узловая',53.9731,38.1763),(985,'Улан-Удэ',51.8334,107.584),(986,'Ульяновск',54.3081,48.3749),(987,'Унеча',52.8461,32.6757),(988,'Урай',60.1296,64.804),(989,'Урень',57.4613,45.7834),(990,'Уржум',57.1098,50.0056),(991,'Урюпинск',50.7905,42.0289),(992,'Усинск',65.9941,57.557),(993,'Усмань',52.0444,39.7265),(994,'Усолье',59.4279,56.6838),(995,'Усолье-Сибирское',52.7567,103.639),(996,'Уссурийск',43.7973,131.952),(997,'Усть-Джегута',44.0839,41.9711),(998,'Усть-Илимск',57.9431,102.741),(999,'Усть-Катав',54.9261,58.1528),(1000,'Усть-Кут',56.7928,105.776),(1001,'Усть-Лабинск',45.2227,39.693),(1002,'Устюжна',58.8384,36.4425),(1003,'Уфа',54.7349,55.9579),(1004,'Ухта',63.5565,53.7014),(1005,'Учалы',54.3067,59.4127),(1006,'Уяр',55.8132,94.3282),(1007,'Фатеж',52.0919,35.8539),(1008,'Феодосия',45.0319,35.3825),(1009,'Фокино',53.4555,34.4159),(1010,'Фокино',42.9707,132.411),(1011,'Фролово',49.7648,43.6649),(1012,'Фрязино',55.959,38.0409),(1013,'Фурманов',57.2538,41.1054),(1014,'Хабаровск',48.4648,135.06),(1015,'Хадыженск',44.4123,39.5319),(1016,'Ханты-Мансийск',61.0024,69.0183),(1017,'Харабали',47.4089,47.2524),(1018,'Харовск',59.9478,40.2001),(1019,'Хасавюрт',43.2505,46.5852),(1020,'Хвалынск',52.495,48.1045),(1021,'Хилок',51.3635,110.459),(1022,'Химки',55.8887,37.4304),(1023,'Холм',57.1451,31.1788),(1024,'Холмск',47.0409,142.042),(1025,'Хотьково',56.2516,37.9395),(1026,'Цивильск',55.865,47.473),(1027,'Цимлянск',47.6478,42.093),(1028,'Циолковский',51.7624,128.122),(1029,'Чадан',51.2844,91.5789),(1030,'Чайковский',56.778,54.1479),(1031,'Чапаевск',52.929,49.8674),(1032,'Чаплыгин',53.2405,39.9672),(1033,'Чебаркуль',54.9819,60.3773),(1034,'Чебоксары',56.1439,47.2489),(1035,'Чегем',43.5672,43.5865),(1036,'Чекалин',54.0985,36.2474),(1037,'Челябинск',55.1604,61.4008),(1038,'Чердынь',60.4011,56.4801),(1039,'Черемхово',53.1369,103.09),(1040,'Черепаново',54.2207,83.3724),(1041,'Череповец',59.1269,37.9092),(1042,'Черкесск',44.2269,42.0468),(1043,'Чермоз',58.7843,56.1508),(1044,'Черноголовка',56.0101,38.3792),(1045,'Черногорск',53.8258,91.326),(1046,'Чернушка',56.5161,56.0764),(1047,'Черняховск',54.6244,21.7969),(1048,'Чехов',55.1507,37.4533),(1049,'Чистополь',55.3699,50.6285),(1050,'Чита',52.034,113.499),(1051,'Чкаловск',56.7652,43.242),(1052,'Чудово',59.1247,31.6865),(1053,'Чулым',55.0906,80.9592),(1054,'Чусовой',58.2975,57.8193),(1055,'Чухлома',58.7534,42.6884),(1056,'Шагонар',51.5347,92.92),(1057,'Шадринск',56.087,63.6298),(1058,'Шали',43.1488,45.901),(1059,'Шарыпово',55.539,89.1802),(1060,'Шарья',58.3762,45.4061),(1061,'Шатура',55.5778,39.5444),(1062,'Шахты',47.7084,40.2159),(1063,'Шахунья',57.6765,46.613),(1064,'Шацк',54.0289,41.7182),(1065,'Шебекино',50.4006,36.8878),(1066,'Шелехов',52.2102,104.097),(1067,'Шенкурск',62.1057,42.8996),(1068,'Шилка',51.8495,116.034),(1069,'Шимановск',52.0053,127.701),(1070,'Шиханы',52.1148,47.2023),(1071,'Шлиссельбург',59.9444,31.0334),(1072,'Шумерля',55.4962,46.4184),(1073,'Шумиха',55.2282,63.2902),(1074,'Шуя',56.8561,41.3802),(1075,'Щекино',54.0021,37.5177),(1076,'Щелкино',45.429,35.8251),(1077,'Щелково',55.9234,37.9784),(1078,'Щигры',51.8788,36.8911),(1079,'Щучье',55.2088,62.7478),(1080,'Электрогорск',55.8779,38.7805),(1081,'Электросталь',55.7848,38.4447),(1082,'Электроугли',55.717,38.2194),(1083,'Элиста',46.3083,44.2701),(1084,'Энгельс',51.4855,46.1267),(1085,'Эртиль',51.831,40.8074),(1086,'Югорск',61.3125,63.3365),(1087,'Южа',56.5926,42.0457),(1088,'Южно-Сахалинск',46.9591,142.738),(1089,'Южно-Сухокумск',44.6601,45.6499),(1090,'Южноуральск',54.449,61.2582),(1091,'Юрга',55.7203,84.8885),(1092,'Юрьевец',57.3179,43.1111),(1093,'Юрьев-Польский',56.4938,39.6679),(1094,'Юрюзань',54.8546,58.4227),(1095,'Юхнов',54.7446,35.2425),(1096,'Ядрин',55.9407,46.2021),(1097,'Якутск',62.028,129.733),(1098,'Ялта',44.4164,34.0446),(1099,'Ялта',44.4952,34.1664),(1100,'Ялуторовск',56.6492,66.297),(1101,'Янаул',56.265,54.9298),(1102,'Яранск',57.3042,47.8479),(1103,'Яровое',52.9252,78.573),(1104,'Ярославль',57.6216,39.8979),(1105,'Ярцево',55.0565,32.6902),(1106,'Ясногорск',54.4795,37.6897),(1107,'Ясный',51.0369,59.8743),(1108,'Яхрома',56.289,37.4831);
/*!40000 ALTER TABLE `cities` ENABLE KEYS */;
UNLOCK TABLES;

--
-- Table structure for table `task_chats`
--

DROP TABLE IF EXISTS `task_chats`;
/*!40101 SET @saved_cs_client     = @@character_set_client */;
/*!40101 SET character_set_client = utf8 */;
CREATE TABLE `task_chats` (
  `id` int(10) unsigned NOT NULL AUTO_INCREMENT,
  `task_id` int(10) unsigned NOT NULL,
  `user_id` int(10) unsigned NOT NULL,
  `created_at` timestamp NOT NULL DEFAULT CURRENT_TIMESTAMP,
  `updated_at` timestamp NULL DEFAULT NULL ON UPDATE CURRENT_TIMESTAMP,
  `message` text,
  PRIMARY KEY (`id`),
  KEY `fk_task_messages_tasks_idx` (`task_id`),
  KEY `fk_task_messages_users_idx` (`user_id`),
  CONSTRAINT `fk_task_messages_tasks` FOREIGN KEY (`task_id`) REFERENCES `tasks` (`id`) ON DELETE NO ACTION ON UPDATE CASCADE,
  CONSTRAINT `fk_task_messages_users` FOREIGN KEY (`user_id`) REFERENCES `users` (`id`) ON DELETE NO ACTION ON UPDATE CASCADE
) ENGINE=InnoDB DEFAULT CHARSET=utf8mb4;
/*!40101 SET character_set_client = @saved_cs_client */;

--
-- Dumping data for table `task_chats`
--

LOCK TABLES `task_chats` WRITE;
/*!40000 ALTER TABLE `task_chats` DISABLE KEYS */;
/*!40000 ALTER TABLE `task_chats` ENABLE KEYS */;
UNLOCK TABLES;

--
-- Table structure for table `task_responses`
--

DROP TABLE IF EXISTS `task_responses`;
/*!40101 SET @saved_cs_client     = @@character_set_client */;
/*!40101 SET character_set_client = utf8 */;
CREATE TABLE `task_responses` (
  `id` int(10) unsigned NOT NULL AUTO_INCREMENT,
  `task_id` int(10) unsigned DEFAULT NULL,
  `performer_user_id` int(10) unsigned DEFAULT NULL COMMENT 'Испольнитель',
  `amount` decimal(12,4) DEFAULT NULL,
  `comment` text,
  `rate` tinyint(1) unsigned DEFAULT NULL,
  `created_at` timestamp NOT NULL DEFAULT CURRENT_TIMESTAMP,
  `updated_at` timestamp NOT NULL DEFAULT CURRENT_TIMESTAMP ON UPDATE CURRENT_TIMESTAMP,
  PRIMARY KEY (`id`),
  KEY `fk_task_requests_task_idx` (`task_id`),
  KEY `fk_task_requests_performer_idx` (`performer_user_id`),
  CONSTRAINT `fk_task_requests_performer` FOREIGN KEY (`performer_user_id`) REFERENCES `users` (`id`) ON DELETE NO ACTION ON UPDATE CASCADE,
  CONSTRAINT `fk_task_requests_tasks` FOREIGN KEY (`task_id`) REFERENCES `tasks` (`id`) ON DELETE NO ACTION ON UPDATE CASCADE
) ENGINE=InnoDB DEFAULT CHARSET=utf8mb4 COMMENT='Отклики на задания';
/*!40101 SET character_set_client = @saved_cs_client */;

--
-- Dumping data for table `task_responses`
--

LOCK TABLES `task_responses` WRITE;
/*!40000 ALTER TABLE `task_responses` DISABLE KEYS */;
/*!40000 ALTER TABLE `task_responses` ENABLE KEYS */;
UNLOCK TABLES;

--
-- Table structure for table `tasks`
--

DROP TABLE IF EXISTS `tasks`;
/*!40101 SET @saved_cs_client     = @@character_set_client */;
/*!40101 SET character_set_client = utf8 */;
CREATE TABLE `tasks` (
  `id` int(10) unsigned NOT NULL AUTO_INCREMENT,
  `user_id` int(10) unsigned NOT NULL,
  `performer_user_id` int(10) unsigned DEFAULT NULL,
  `category_id` int(10) unsigned NOT NULL,
  `title` varchar(256) DEFAULT NULL,
  `description` text NOT NULL,
  `additional_info` text,
  `address` text,
  `status` enum('NEW','CANCELED','INPROGRESS','COMPLETE','FAIL') NOT NULL DEFAULT 'NEW',
  `budget` decimal(12,4) unsigned DEFAULT NULL,
  `expire` date DEFAULT NULL,
  `latitude` decimal(11,7) DEFAULT NULL,
  `longitude` decimal(11,7) DEFAULT NULL,
  `created_at` timestamp NOT NULL DEFAULT CURRENT_TIMESTAMP,
  `updated_at` timestamp NULL DEFAULT NULL,
  PRIMARY KEY (`id`),
  KEY `idx_status` (`status`),
  KEY `fk_tasks_categories_idx` (`category_id`),
  KEY `idx_expire` (`expire`),
  KEY `fk_tasks_customer_idx` (`user_id`),
  KEY `fk_tasks_performer_idx` (`performer_user_id`),
  CONSTRAINT `fk_tasks_categories` FOREIGN KEY (`category_id`) REFERENCES `categories` (`id`) ON DELETE NO ACTION ON UPDATE CASCADE,
  CONSTRAINT `fk_tasks_customer` FOREIGN KEY (`user_id`) REFERENCES `users` (`id`) ON DELETE NO ACTION ON UPDATE NO ACTION,
  CONSTRAINT `fk_tasks_performer` FOREIGN KEY (`performer_user_id`) REFERENCES `users` (`id`) ON DELETE NO ACTION ON UPDATE NO ACTION
) ENGINE=InnoDB AUTO_INCREMENT=201 DEFAULT CHARSET=utf8mb4;
/*!40101 SET character_set_client = @saved_cs_client */;

--
-- Dumping data for table `tasks`
--

LOCK TABLES `tasks` WRITE;
/*!40000 ALTER TABLE `tasks` DISABLE KEYS */;
INSERT INTO `tasks` VALUES (1,6,3,3,'Et earum autem non odio sapiente esse.','Quos similique rerum qui dignissimos ut. Vero minima ut minima voluptas quaerat.',NULL,NULL,'COMPLETE',NULL,'2021-04-18',NULL,NULL,'2021-04-02 14:16:13',NULL),(2,6,35,1,'Et blanditiis autem cum laborum quia necessitatibus est.','Facere tempora quod et optio. Non similique laudantium sit enim recusandae et dolorem.',NULL,'220793, Новгородская область, город Воскресенск, шоссе Гоголя, 72','FAIL',771.0000,NULL,30.4748570,114.9354740,'2021-03-28 18:17:30',NULL),(3,32,18,4,'Totam magni molestiae at eos voluptas.','Quia nihil et beatae placeat id architecto. Illo et dolor et labore.',NULL,'993807, Курская область, город Одинцово, проезд Сталина, 80','FAIL',NULL,NULL,65.2860650,40.4154720,'2021-03-29 20:46:52',NULL),(4,2,8,3,'Repudiandae ea id perferendis mollitia voluptatum.','Qui perspiciatis quia cupiditate est. Facere incidunt voluptatem dolores illum facilis.',NULL,NULL,'COMPLETE',6518.0000,NULL,NULL,NULL,'2021-03-19 23:43:24',NULL),(5,21,10,2,'Non nihil dolores voluptate accusamus accusamus.','Sit a illo adipisci dolore ut sed. Esse asperiores vel magni dicta deserunt tempore.',NULL,NULL,'COMPLETE',8579.0000,NULL,NULL,NULL,'2021-04-01 10:44:11',NULL),(6,2,15,1,'Fuga consequatur non et minus quo iusto a.','Itaque repudiandae nisi repudiandae quisquam. Voluptatum dolores sit autem aliquid.',NULL,NULL,'COMPLETE',NULL,NULL,NULL,NULL,'2021-04-12 13:53:58',NULL),(7,31,9,2,'Architecto deleniti quia consequatur deserunt.','Odio dolorem libero aut quo facere enim. In ipsam consequatur eos a dolores alias autem corrupti.',NULL,NULL,'FAIL',3651.0000,NULL,NULL,NULL,'2021-03-30 02:19:50',NULL),(8,21,22,8,'Deserunt aut asperiores omnis et.','Expedita animi repellat est explicabo. Error quis est in est deserunt.',NULL,NULL,'FAIL',NULL,'2021-04-18',NULL,NULL,'2021-03-29 22:03:07',NULL),(9,1,21,3,'Nihil et dolorum est ut omnis eum.','Aperiam vel facere eius quia ut. Optio sunt atque quod quod nam.',NULL,'212091, Магаданская область, город Коломна, бульвар Будапештсткая, 33','FAIL',3165.0000,'2021-04-18',-42.2581700,44.9816270,'2021-03-25 02:19:15',NULL),(10,1,28,8,'Reiciendis et facilis assumenda ex eos.','Molestiae voluptatibus cumque aspernatur. Fugit ut ipsa facilis esse.',NULL,'526390, Новосибирская область, город Красногорск, въезд 1905 года, 59','FAIL',NULL,'2021-04-18',-14.1392850,16.8933830,'2021-03-23 13:45:11',NULL),(11,31,25,5,'Culpa dolores sunt est aut.','Magni alias quia temporibus ut. Magni et quia rem illum eius consequuntur labore.',NULL,'775714, Липецкая область, город Раменское, шоссе Балканская, 25','COMPLETE',NULL,NULL,40.9093740,9.2154910,'2021-03-24 11:55:02',NULL),(12,34,21,5,'Sed aliquid et quas eos deleniti.','Sed et vel labore asperiores quo et. Aut rerum laboriosam sit iusto ut eum.',NULL,'817373, Курганская область, город Сергиев Посад, шоссе Чехова, 55','COMPLETE',NULL,NULL,63.9716230,-106.1634890,'2021-03-31 20:32:56',NULL),(13,18,30,5,'Eos necessitatibus libero sint cupiditate.','Eum rerum iure nam. Nisi molestias laborum ex quam. Et optio iste voluptatem ut.',NULL,'717987, Воронежская область, город Кашира, ул. Космонавтов, 21','COMPLETE',153.0000,NULL,82.0321590,143.2353090,'2021-04-08 14:14:49',NULL),(14,22,11,2,'Reprehenderit quia aut iusto qui mollitia ipsum nihil.','Repellat et minima et assumenda iusto nihil accusamus. Quod cupiditate nisi numquam quos ut.',NULL,NULL,'FAIL',7449.0000,NULL,NULL,NULL,'2021-03-29 16:49:37',NULL),(15,21,33,7,'Veritatis odit libero rerum consequatur totam rerum sapiente.','Cumque sed aut fugiat est beatae nisi. Consectetur sint officia odio minus nostrum.',NULL,'191180, Смоленская область, город Клин, спуск Гоголя, 25','FAIL',1583.0000,NULL,54.1677670,-144.6986650,'2021-03-23 11:58:45',NULL),(16,19,32,1,'Consequatur quo dolores consequatur optio odit.','Rem blanditiis numquam saepe soluta temporibus ratione. Commodi et sit vitae autem.',NULL,NULL,'FAIL',8923.0000,'2021-04-18',NULL,NULL,'2021-04-11 21:28:01',NULL),(17,5,14,1,'Qui dolorem excepturi accusamus voluptatibus suscipit qui vel.','Et vel est et ex a. Deleniti sint tempore quidem quas assumenda vel.',NULL,'746769, Волгоградская область, город Люберцы, наб. Сталина, 35','COMPLETE',867.0000,NULL,8.5350960,48.0504590,'2021-03-16 03:15:37',NULL),(18,26,24,2,'Dolore vel veritatis vero et.','Aut labore excepturi quam rerum. Nihil nulla ut minus ut.',NULL,'929813, Липецкая область, город Домодедово, спуск 1905 года, 80','FAIL',9555.0000,NULL,-68.6142080,-154.5506710,'2021-04-03 05:58:19',NULL),(19,3,12,8,'Tenetur porro pariatur sapiente dolores dolorum ducimus.','Unde natus qui facilis voluptatem nihil. Non commodi nihil enim repellendus. Qui sed iure optio.',NULL,NULL,'FAIL',NULL,NULL,NULL,NULL,'2021-04-09 06:40:54',NULL),(20,18,20,8,'Sequi architecto vero eum eligendi sed.','Et provident commodi perspiciatis soluta. Quidem voluptatem nobis et aut voluptates quia autem.',NULL,'014453, Калининградская область, город Шаховская, проезд Славы, 40','COMPLETE',NULL,NULL,43.9623800,-161.1750880,'2021-03-24 07:23:53',NULL),(21,26,16,8,'Exercitationem error exercitationem non quod quam iure consectetur culpa.','Distinctio in et est totam ducimus. Rerum cumque reiciendis eos id. Ipsa eum fuga sed facere.',NULL,'595048, Тюменская область, город Щёлково, пер. Будапештсткая, 53','FAIL',2312.0000,NULL,63.7707240,167.4239450,'2021-03-19 09:26:45',NULL),(22,29,9,5,'Vero aliquam nemo nisi et occaecati quod et sit.','Laborum voluptate est fugiat inventore eligendi neque. Quos incidunt vero a quis expedita aut.',NULL,NULL,'COMPLETE',3056.0000,NULL,NULL,NULL,'2021-04-01 09:35:36',NULL),(23,11,22,5,'Itaque sint et facere sed.','Ipsam ut mollitia vel impedit id. Sapiente quo est ut sequi reiciendis sed similique.',NULL,NULL,'COMPLETE',NULL,NULL,NULL,NULL,'2021-04-03 11:45:03',NULL),(24,3,19,2,'Ea mollitia iste aspernatur nihil accusamus totam aut.','Aut enim totam ut nobis. Modi id ut voluptate eius.',NULL,NULL,'COMPLETE',NULL,NULL,NULL,NULL,'2021-04-13 04:41:23',NULL),(25,16,24,3,'Quos dolorem suscipit explicabo est reprehenderit.','Laboriosam sint ut tempore quas voluptates nihil adipisci. Hic nihil in eos sequi cumque.',NULL,NULL,'COMPLETE',4505.0000,'2021-04-18',NULL,NULL,'2021-04-04 15:41:19',NULL),(26,17,3,3,'Doloribus quisquam eos qui vel.','Voluptatem et deserunt quaerat voluptatem optio. Architecto rem eaque omnis est cum assumenda.',NULL,'013497, Калужская область, город Воскресенск, спуск 1905 года, 58','COMPLETE',NULL,NULL,-6.9801960,135.1755430,'2021-03-22 12:50:58',NULL),(27,32,35,3,'Consequatur reiciendis et optio officiis rerum corporis quisquam.','Illo sit delectus recusandae expedita. Aut sint ut atque magnam ex qui velit.',NULL,'184796, Орловская область, город Егорьевск, пр. Ленина, 10','FAIL',505.0000,NULL,-60.1687660,117.6295550,'2021-04-07 02:11:22',NULL),(28,30,13,7,'Eveniet praesentium optio delectus molestias sunt doloremque.','Ex et minima aut dolorum tenetur. Qui autem sunt blanditiis.',NULL,'834322, Мурманская область, город Красногорск, спуск Будапештсткая, 62','COMPLETE',2830.0000,NULL,-8.4646660,-2.7423370,'2021-04-06 23:20:18',NULL),(29,15,29,8,'Omnis eos dolores a ea possimus.','Odio eius repudiandae ea iusto sint voluptatibus omnis quo. Voluptas porro quia dolores temporibus.',NULL,'383385, Иркутская область, город Талдом, бульвар Гагарина, 46','FAIL',5445.0000,NULL,5.6524800,-52.0855720,'2021-04-10 19:52:37',NULL),(30,9,2,5,'Quos ea vitae quasi maiores aut ea.','Ut officia aut ex quis impedit esse aut enim. Et et minima reprehenderit.',NULL,NULL,'COMPLETE',3345.0000,'2021-04-18',NULL,NULL,'2021-03-26 06:23:29',NULL),(31,17,10,8,'Nihil ab beatae excepturi ab accusantium vitae dolorem voluptatem.','Aut similique possimus eum modi corrupti necessitatibus. Dolor accusamus sit iure iste dolor.',NULL,NULL,'FAIL',NULL,NULL,NULL,NULL,'2021-03-27 14:40:37',NULL),(32,35,20,4,'Vel ea voluptas in consequuntur consequuntur fuga illo.','Minus odit aut ut quo. Eius aliquid sunt voluptas. Quasi nobis qui odit mollitia odio.',NULL,NULL,'COMPLETE',8779.0000,'2021-04-18',NULL,NULL,'2021-03-24 23:59:48',NULL),(33,25,26,7,'Sit quae cumque et voluptatem vero blanditiis rerum.','Aut in nesciunt quaerat nihil. Nisi aut repellendus temporibus. Deserunt aut ipsum vel eum.',NULL,'048695, Магаданская область, город Ногинск, пл. Домодедовская, 46','COMPLETE',816.0000,NULL,83.2511990,17.4568210,'2021-04-02 21:24:37',NULL),(34,35,34,6,'Sunt iste eum dolorum qui et.','Quo aut a temporibus et sed adipisci. Vel qui labore in. At eum aliquid aliquid laborum.',NULL,NULL,'COMPLETE',7604.0000,NULL,NULL,NULL,'2021-04-03 02:12:53',NULL),(35,4,20,2,'Quia voluptatem repudiandae totam.','Quo ipsam eaque repudiandae repellat sint. Maiores est maiores debitis et ea.',NULL,'751564, Саратовская область, город Шаховская, пр. Ломоносова, 87','FAIL',3812.0000,'2021-04-18',84.2197840,21.2950360,'2021-03-21 09:02:37',NULL),(36,3,30,2,'Ad et sit et consequuntur deserunt.','Unde dolores sed sed amet. Corporis repudiandae ea ea in amet suscipit.',NULL,NULL,'FAIL',8920.0000,'2021-04-18',NULL,NULL,'2021-03-16 22:48:40',NULL),(37,35,22,5,'Aut cumque quae doloremque sapiente blanditiis pariatur ut.','Reiciendis ea sint officiis fugiat deleniti. Sed non harum aliquam ex labore rerum dolores unde.',NULL,NULL,'FAIL',4936.0000,NULL,NULL,NULL,'2021-04-12 18:25:02',NULL),(38,27,15,7,'Quo voluptatem quo incidunt odio explicabo.','Quibusdam eius est nihil quo accusantium. Enim iste in reprehenderit nobis illum.',NULL,'598417, Калужская область, город Солнечногорск, спуск Бухарестская, 68','COMPLETE',7807.0000,'2021-04-18',24.8311780,-42.3351180,'2021-04-04 19:20:18',NULL),(39,17,NULL,6,'Voluptatem ea nesciunt itaque ut et.','Voluptatem quod ut adipisci. Sunt sed quis et et velit recusandae.',NULL,'188298, Саратовская область, город Ногинск, пер. Чехова, 89','NEW',3183.0000,NULL,-8.2181490,166.9697520,'2021-04-10 02:52:32',NULL),(40,13,NULL,3,'Nostrum necessitatibus sapiente eum voluptatem tempora est.','Et et quisquam ipsa. Quidem dolorum et quae. Recusandae veniam at aut beatae qui culpa delectus.',NULL,'621856, Читинская область, город Красногорск, спуск Гоголя, 89','NEW',9775.0000,'2021-04-18',86.1856880,-158.4870390,'2021-03-30 21:23:51',NULL),(41,17,30,2,'Magnam doloremque incidunt quaerat odit at repellendus.','Qui asperiores esse voluptas velit. Et voluptates ab excepturi. Minima et labore enim facere.',NULL,'490417, Ростовская область, город Серпухов, проезд Славы, 20','FAIL',2588.0000,'2021-04-18',32.9238040,-101.3728980,'2021-03-27 21:15:01',NULL),(42,6,NULL,6,'Soluta sapiente adipisci voluptas accusamus.','Quo dolor dolores voluptatem optio id. Aut ipsam dolor hic voluptate.',NULL,'383625, Кировская область, город Наро-Фоминск, наб. Балканская, 69','NEW',NULL,NULL,67.2751320,107.1843870,'2021-04-12 06:56:56',NULL),(43,13,7,3,'Ipsum rerum dolorem rerum ratione est.','Porro quos rem qui amet cum sit et. Vel et quasi nemo cumque. Rem iste ea harum quia sit iure.',NULL,'730800, Кировская область, город Дорохово, въезд Ленина, 50','COMPLETE',1187.0000,NULL,84.5439330,153.3891590,'2021-03-23 05:43:58',NULL),(44,29,6,7,'Numquam occaecati odio qui sunt at voluptatem explicabo.','Est et qui fuga est. Sit dolore sit et natus repellendus qui at. Cum maxime harum facere quis.',NULL,'911991, Новгородская область, город Коломна, наб. Бухарестская, 87','FAIL',9700.0000,NULL,-37.9830800,9.5937880,'2021-04-11 04:24:59',NULL),(45,23,NULL,4,'Quisquam vel quasi quae quas et.','At temporibus quia ad quas. Velit inventore in et non est aut.',NULL,'538002, Брянская область, город Павловский Посад, проезд Балканская, 96','NEW',8695.0000,NULL,78.7647080,163.5086410,'2021-03-29 15:56:06',NULL),(46,5,15,4,'Omnis aperiam molestiae ipsam ea quo modi.','Temporibus nisi ipsa velit laborum vero id. Repellendus qui suscipit quidem.',NULL,'235704, Калужская область, город Клин, пл. Косиора, 16','FAIL',7751.0000,'2021-04-18',-20.4612370,-168.7611990,'2021-03-15 07:20:12',NULL),(47,34,29,6,'Dolorem soluta in accusantium autem laudantium omnis id.','Et labore dolores aut quae amet sit sint. Voluptas nisi est non qui. Facere quia aut saepe quia.',NULL,'272438, Томская область, город Щёлково, ул. Будапештсткая, 56','FAIL',9204.0000,NULL,43.5706790,-8.4252180,'2021-03-26 20:52:45',NULL),(48,26,17,3,'Repudiandae quidem alias nulla provident dicta et.','Qui modi perferendis suscipit cupiditate. Reprehenderit sint dicta perspiciatis.',NULL,NULL,'COMPLETE',4089.0000,'2021-04-18',NULL,NULL,'2021-04-03 16:19:31',NULL),(49,16,NULL,2,'Quia deserunt distinctio iusto impedit.','Totam labore quis non eum. Eos et ad qui sit vel.',NULL,'078995, Ярославская область, город Одинцово, наб. Ленина, 92','NEW',4655.0000,NULL,-36.3099790,-50.4624160,'2021-04-10 01:11:44',NULL),(50,25,NULL,6,'Laborum eius sapiente quae beatae in in exercitationem.','Dolores aut saepe quis veniam nobis. Autem asperiores est qui voluptas. Facilis unde dolorem quia.',NULL,'022469, Омская область, город Пушкино, пер. Славы, 51','NEW',6283.0000,NULL,-79.2431410,27.7042660,'2021-03-18 23:46:12',NULL),(51,23,19,7,'Sit ut voluptatem facere quae.','Quis ut consectetur dolores rem. Et magnam aut et nihil atque vero numquam.',NULL,NULL,'COMPLETE',5193.0000,NULL,NULL,NULL,'2021-04-02 03:57:33',NULL),(52,10,1,4,'Beatae enim dolor adipisci et voluptas corporis et.','Dignissimos ut ut quis nulla. Quos dolor saepe ut dolor molestiae. Fugiat velit natus debitis.',NULL,'843983, Оренбургская область, город Видное, въезд Гоголя, 33','COMPLETE',5656.0000,NULL,28.8334310,-15.9773900,'2021-03-21 03:30:51',NULL),(53,1,16,8,'Sint vel voluptate commodi qui.','Sint quidem sit tenetur autem. Vel aut voluptatem reiciendis numquam molestiae.',NULL,NULL,'COMPLETE',NULL,NULL,NULL,NULL,'2021-03-19 08:57:55',NULL),(54,33,NULL,2,'Voluptatem ipsam nostrum in mollitia sunt aspernatur.','Voluptatem cum omnis illo. Atque animi odit nesciunt enim repellendus repudiandae.',NULL,'351773, Ульяновская область, город Орехово-Зуево, наб. Балканская, 89','NEW',2988.0000,NULL,68.9079200,60.8545480,'2021-03-16 09:53:54',NULL),(55,7,NULL,8,'Dolores unde ad accusantium optio iusto.','Sequi sapiente esse rem tempore numquam. Voluptate sequi asperiores illum nobis est rerum quos.',NULL,NULL,'NEW',4405.0000,'2021-04-18',NULL,NULL,'2021-03-26 22:00:43',NULL),(56,28,NULL,8,'Vel necessitatibus error aspernatur sit.','Eligendi quos repellendus ipsam quo deserunt quia. In enim velit corrupti.',NULL,NULL,'NEW',9210.0000,'2021-04-18',NULL,NULL,'2021-03-20 13:19:40',NULL),(57,17,NULL,5,'Cupiditate non officia et qui.','Sapiente qui nihil quia qui. Sed quo impedit ut ut numquam eligendi.',NULL,'276064, Московская область, город Пушкино, проезд Ладыгина, 30','NEW',9546.0000,NULL,-57.9488080,121.4479560,'2021-04-03 17:23:02',NULL),(58,32,NULL,5,'Et aut eaque dolor incidunt repudiandae dolor fuga.','Accusamus aspernatur nihil enim eum. Suscipit voluptates aut error eaque sed qui fugit.',NULL,'803791, Мурманская область, город Луховицы, шоссе Космонавтов, 33','NEW',NULL,NULL,-89.8647920,-121.8823930,'2021-03-30 19:25:30',NULL),(59,23,NULL,5,'Autem laboriosam sunt accusantium numquam.','Voluptatem animi ea maxime accusamus. Amet nemo ex cumque.',NULL,NULL,'NEW',2258.0000,NULL,NULL,NULL,'2021-03-20 22:30:57',NULL),(60,6,12,2,'Blanditiis quo dolores iste soluta quam iste dolores.','Enim facere quam impedit et. Rem molestias aliquid totam et. Ad et fuga qui.',NULL,NULL,'COMPLETE',NULL,NULL,NULL,NULL,'2021-03-24 10:26:38',NULL),(61,31,18,3,'Veritatis mollitia sapiente mollitia incidunt ratione.','Eum asperiores qui quia quis perferendis et nihil. Illum excepturi aut aliquid earum delectus sit.',NULL,'482637, Ленинградская область, город Москва, пер. Ломоносова, 97','COMPLETE',6992.0000,'2021-04-18',-49.9100100,141.5636420,'2021-04-12 10:08:35',NULL),(62,1,5,7,'Odit totam odit id perspiciatis consequatur.','Consequatur ea quisquam illo soluta facilis. Exercitationem iusto quo magnam est repellat rerum.',NULL,'277892, Иркутская область, город Мытищи, пер. Бухарестская, 71','COMPLETE',3248.0000,NULL,8.0517390,67.4483430,'2021-03-16 03:51:17',NULL),(63,8,NULL,2,'Assumenda velit minima consequuntur et fuga.','Nemo aperiam alias dolor. Molestiae ut vel ea aut quod. Perspiciatis neque nihil officiis.',NULL,'683535, Тюменская область, город Красногорск, проезд 1905 года, 19','NEW',2500.0000,NULL,-38.0755950,-173.4047940,'2021-03-18 15:04:59',NULL),(64,32,NULL,2,'Sunt nihil voluptas dicta enim.','Ut eum qui accusantium quia. Veritatis ipsa adipisci doloremque sequi.',NULL,'784057, Тамбовская область, город Солнечногорск, пл. Сталина, 12','NEW',6808.0000,NULL,11.6824860,-13.4460980,'2021-04-09 11:00:29',NULL),(65,12,NULL,8,'Ea voluptatum id voluptatem necessitatibus delectus nihil.','Doloremque facere eos ut corporis expedita dolorem magni. Id et excepturi ad deleniti.',NULL,'983162, Читинская область, город Солнечногорск, пер. Будапештсткая, 75','NEW',1905.0000,NULL,72.4494720,153.9458210,'2021-03-25 11:00:58',NULL),(66,33,NULL,8,'At praesentium natus exercitationem veniam placeat.','Illo beatae qui qui dolorem eos. Est inventore numquam sed veniam.',NULL,NULL,'NEW',8041.0000,NULL,NULL,NULL,'2021-03-29 09:46:58',NULL),(67,3,NULL,4,'Et doloremque corporis tempora autem iste voluptatem.','Fugiat unde eaque voluptatibus. Voluptate sunt iure corrupti. Cumque quo velit voluptas.',NULL,'182683, Курганская область, город Дорохово, пр. Космонавтов, 48','NEW',NULL,NULL,84.6149580,27.8974710,'2021-04-01 00:22:30',NULL),(68,29,NULL,4,'Dolor adipisci id nesciunt exercitationem aut iure.','Rem rerum et et sed ab beatae error. Et quisquam provident illo sit aut.',NULL,'487408, Архангельская область, город Талдом, шоссе Славы, 79','NEW',9994.0000,NULL,-8.6139380,128.1225530,'2021-03-15 08:51:43',NULL),(69,1,NULL,5,'Sed occaecati aperiam asperiores odio aut id.','Quo est in et non quaerat. Tenetur autem ut eos sed. Quaerat provident dolorum voluptas est quo.',NULL,NULL,'NEW',1632.0000,NULL,NULL,NULL,'2021-03-17 03:26:02',NULL),(70,17,NULL,2,'Dignissimos animi a exercitationem.','Facere repudiandae error beatae. Repellendus nemo ut rerum occaecati consequatur.',NULL,'811251, Липецкая область, город Павловский Посад, проезд Славы, 45','NEW',NULL,NULL,21.6025500,-90.3850910,'2021-04-02 07:20:08',NULL),(71,20,NULL,1,'Quia beatae unde vel et.','Vero harum laudantium dolores hic qui doloremque. Eum aliquam consequuntur veritatis delectus sed.',NULL,'268499, Ульяновская область, город Чехов, ул. Домодедовская, 41','NEW',2994.0000,NULL,-19.2952090,64.5159690,'2021-04-13 00:40:40',NULL),(72,10,NULL,5,'Nihil placeat consequuntur autem.','Iusto illum non dolore quibusdam rerum vero ut. Incidunt accusamus esse dolorem vel provident qui.',NULL,NULL,'NEW',NULL,NULL,NULL,NULL,'2021-03-18 12:22:27',NULL),(73,19,NULL,5,'Vero autem debitis molestiae veniam nulla.','Quia laudantium iusto dicta non eos. Porro est est laboriosam molestiae necessitatibus sed.',NULL,'052499, Волгоградская область, город Видное, пер. Чехова, 90','NEW',NULL,'2021-04-18',-3.5212580,24.4152790,'2021-03-28 02:30:43',NULL),(74,27,NULL,1,'Ea rerum id necessitatibus eos officia cupiditate.','Ea sit aut non non. Esse magni fugit accusantium dolor totam eaque.',NULL,NULL,'NEW',5858.0000,'2021-04-18',NULL,NULL,'2021-03-26 11:53:32',NULL),(75,22,NULL,5,'Minus neque autem harum ut id.','Cupiditate velit quam sapiente ex tempora sunt. Fugiat dolorem et autem vero unde repellat magni.',NULL,'868937, Московская область, город Зарайск, спуск Ленина, 56','NEW',4449.0000,NULL,70.0571700,-138.8291400,'2021-03-29 05:22:33',NULL),(76,9,NULL,7,'Nisi est dignissimos fugit repudiandae et est odit et.','Sed velit provident ut aperiam nesciunt non. Fugiat est nulla quidem magnam omnis culpa dolores.',NULL,'367404, Тверская область, город Балашиха, въезд Гагарина, 55','NEW',7133.0000,NULL,-19.9668900,68.6394950,'2021-03-17 00:10:10',NULL),(77,14,NULL,7,'Sed ratione cupiditate laborum nisi.','Expedita eos pariatur enim eum cumque ad optio. Accusamus aut sunt velit repellendus rerum dolorem.',NULL,'880504, Владимирская область, город Озёры, бульвар Будапештсткая, 85','NEW',5356.0000,NULL,-27.8577020,53.1468070,'2021-04-06 23:12:16',NULL),(78,4,NULL,7,'Veritatis sunt dolore asperiores voluptas earum voluptates.','Vitae reiciendis ad aliquid ab sit. Qui magni amet velit illum aliquid harum.',NULL,'296735, Ивановская область, город Наро-Фоминск, шоссе Домодедовская, 27','NEW',6852.0000,NULL,41.6914520,49.3036960,'2021-04-05 22:32:12',NULL),(79,12,NULL,8,'Non similique tenetur quo amet in amet.','Consequuntur dolores et assumenda sint. Non sed autem rerum et incidunt.',NULL,'147963, Брянская область, город Балашиха, бульвар Косиора, 30','NEW',NULL,NULL,-53.3447850,-56.9549790,'2021-03-22 04:37:48',NULL),(80,19,NULL,8,'Tempora fugit a sit dolore sequi voluptatem.','Explicabo pariatur iure molestias. Enim nihil non mollitia saepe et dolor est est.',NULL,'716913, Тверская область, город Шатура, ул. Славы, 55','NEW',6403.0000,NULL,7.1832200,-161.9097100,'2021-03-14 03:54:32',NULL),(81,28,NULL,7,'Magnam et tempore perspiciatis possimus illo animi suscipit.','Omnis ipsum similique recusandae maxime. At aspernatur a beatae. Ut placeat quos culpa ut ab.',NULL,'779905, Владимирская область, город Наро-Фоминск, ул. Ломоносова, 45','NEW',NULL,'2021-04-18',39.7834030,-166.4042440,'2021-03-13 17:06:06',NULL),(82,22,NULL,8,'Autem sunt sed tenetur.','Aut ut enim id labore. Est dolor voluptatum quaerat.',NULL,'765206, Липецкая область, город Орехово-Зуево, проезд Ломоносова, 81','NEW',2555.0000,'2021-04-18',-30.5539520,-37.4112480,'2021-04-07 17:17:32',NULL),(83,15,NULL,3,'Voluptatem dolorem ipsam aperiam et id occaecati impedit.','Explicabo voluptatem dolor omnis quod. Eaque repellat ipsam nihil et animi magnam impedit.',NULL,'804337, Орловская область, город Дмитров, пр. Ленина, 75','NEW',1415.0000,NULL,-20.4200130,-85.3146420,'2021-03-26 15:00:59',NULL),(84,31,NULL,5,'Voluptatibus consequatur unde aut assumenda ut fugit magni incidunt.','Veritatis rerum quo natus fuga ea. Sunt qui et autem sint.',NULL,NULL,'NEW',8609.0000,NULL,NULL,NULL,'2021-04-06 19:46:54',NULL),(85,11,NULL,1,'Et rerum voluptatum esse incidunt magni.','In maxime sit debitis autem rem. Sint odio quas omnis et aut ipsum quo.',NULL,'094174, Саратовская область, город Москва, въезд Будапештсткая, 70','NEW',7942.0000,NULL,-10.1301810,-141.5299730,'2021-04-10 05:41:15',NULL),(86,10,NULL,7,'Facilis consequatur est in vel.','Culpa reiciendis non qui nobis adipisci quae et. Enim consequatur cupiditate consequuntur.',NULL,'541539, Кировская область, город Клин, бульвар Будапештсткая, 25','NEW',9777.0000,NULL,80.1561080,165.3035820,'2021-03-17 22:52:45',NULL),(87,6,NULL,6,'Aut cupiditate architecto at sint quod optio et ipsam.','Necessitatibus dolor ullam amet sunt. Est aut libero aut itaque porro eum molestiae.',NULL,NULL,'NEW',6209.0000,NULL,NULL,NULL,'2021-03-27 06:59:14',NULL),(88,9,NULL,8,'Sed quia autem tenetur.','Expedita suscipit sit voluptas et aut maiores. Sed enim quia aperiam aperiam ratione minus qui.',NULL,'553601, Саратовская область, город Шаховская, проезд Будапештсткая, 32','NEW',NULL,NULL,63.0224620,153.7991060,'2021-03-31 20:18:41',NULL),(89,33,NULL,8,'Nemo dolores nemo praesentium qui.','Deserunt assumenda ipsa sit nam. Laborum non voluptatibus dolorum enim. Omnis corrupti et quia.',NULL,'003093, Астраханская область, город Дорохово, пер. Славы, 59','NEW',NULL,NULL,-1.0615010,-106.9688700,'2021-03-23 09:27:26',NULL),(90,13,NULL,2,'Expedita et facilis aut necessitatibus quae.','Sint impedit pariatur voluptates asperiores accusantium. Ipsa nostrum maiores est.',NULL,'749623, Новосибирская область, город Волоколамск, пер. Гагарина, 66','NEW',6327.0000,NULL,73.5934300,-104.9259140,'2021-04-08 08:21:58',NULL),(91,31,NULL,7,'Et iusto consequuntur vero quaerat ut non hic.','Ut rerum est recusandae nemo. Ipsum error perspiciatis commodi enim consequatur optio.',NULL,NULL,'NEW',7677.0000,NULL,NULL,NULL,'2021-03-24 06:53:00',NULL),(92,24,NULL,1,'Ut aut qui corrupti animi fuga minima repellat adipisci.','Laudantium est harum ex sit non soluta. Voluptates sed velit eum libero esse.',NULL,'977780, Калининградская область, город Можайск, наб. Славы, 40','NEW',2781.0000,NULL,-84.2558050,92.7178150,'2021-04-05 12:58:14',NULL),(93,5,NULL,4,'Accusamus illo omnis quia ea aut et.','Qui qui sint et sed itaque ut. Tempore neque eum illum commodi.',NULL,'844988, Смоленская область, город Серебряные Пруды, наб. Будапештсткая, 69','NEW',2570.0000,NULL,-18.1161860,119.8387170,'2021-03-15 12:19:38',NULL),(94,6,NULL,6,'Veritatis sit fuga aut qui nulla possimus.','Sed et adipisci voluptas error explicabo nihil. Debitis quaerat esse quia odit quae voluptas ipsum.',NULL,'249275, Новосибирская область, город Ногинск, спуск Гоголя, 82','NEW',NULL,'2021-04-18',39.6188560,-10.6074130,'2021-04-12 20:21:28',NULL),(95,31,NULL,5,'Numquam minima est similique quidem dicta ad omnis.','Aut nihil non id id enim. Quis est et odit.',NULL,'841355, Саратовская область, город Павловский Посад, пер. Бухарестская, 15','NEW',3177.0000,'2021-04-18',41.3284550,-106.7833260,'2021-04-03 21:44:39',NULL),(96,9,NULL,3,'Illo ab nihil unde et voluptas est.','Expedita blanditiis sed facere est non veritatis ab. Alias vel iure omnis esse.',NULL,'925462, Челябинская область, город Домодедово, проезд Ладыгина, 12','NEW',6679.0000,NULL,-47.6654270,-108.1351240,'2021-04-03 04:06:13',NULL),(97,6,NULL,8,'Et ipsa praesentium aut.','Velit animi quo sit asperiores iusto repellat eveniet. Odio in mollitia deleniti odio et sed.',NULL,'650625, Воронежская область, город Видное, шоссе Ладыгина, 36','NEW',1686.0000,NULL,83.9700070,177.1072170,'2021-04-08 21:59:19',NULL),(98,4,NULL,5,'Voluptatem a reiciendis dolorem eaque doloremque.','Ut voluptatem laborum nam. Sint quae nam consequatur fuga.',NULL,'056761, Костромская область, город Люберцы, спуск Ломоносова, 74','NEW',NULL,NULL,24.9830570,-105.2936110,'2021-03-23 19:21:38',NULL),(99,12,NULL,2,'Debitis accusamus laudantium sint unde a error possimus iure.','Sit rerum et eos quam est. Doloremque qui nisi voluptatem. Et omnis ipsam amet sed.',NULL,NULL,'NEW',2579.0000,NULL,NULL,NULL,'2021-03-21 12:53:35',NULL),(100,27,NULL,2,'Voluptates atque libero ea occaecati non quam nesciunt rerum.','Nihil maiores unde iure nisi et. Explicabo autem pariatur optio est quaerat quasi nihil.',NULL,'242103, Тюменская область, город Талдом, спуск Сталина, 10','NEW',7431.0000,NULL,18.8816250,-1.2180110,'2021-04-07 00:35:00',NULL),(101,35,NULL,7,'Magnam omnis tenetur nam pariatur accusamus.','Quasi ea praesentium deserunt sed voluptates sit maiores. Blanditiis sed quae nihil ut distinctio.',NULL,NULL,'NEW',1117.0000,NULL,NULL,NULL,'2021-04-02 00:55:55',NULL),(102,22,NULL,5,'Provident eum vel aut alias.','Accusamus ad quas modi sed sunt. In impedit accusamus rem laudantium totam earum sed.',NULL,'849543, Ярославская область, город Мытищи, спуск Ломоносова, 64','NEW',2283.0000,NULL,35.8368240,-46.1461650,'2021-04-02 23:33:32',NULL),(103,14,NULL,2,'Eum perspiciatis blanditiis asperiores dolorum non non eius.','In possimus beatae nemo et et. Cum non necessitatibus omnis minima neque id.',NULL,'778422, Мурманская область, город Видное, бульвар Ломоносова, 38','NEW',972.0000,NULL,28.6740620,71.3670610,'2021-03-15 01:34:55',NULL),(104,33,NULL,3,'Repudiandae veritatis corrupti et.','Dolorem iusto repellendus cumque rerum tenetur. Debitis quis mollitia et laborum quia laboriosam.',NULL,'924538, Костромская область, город Клин, ул. Славы, 47','NEW',5856.0000,'2021-04-18',-44.7657000,-82.6050710,'2021-04-05 17:19:48',NULL),(105,22,NULL,8,'Molestiae impedit et esse asperiores ad qui.','Nesciunt eius eum odio ut laudantium. Molestiae enim commodi dolorem mollitia itaque omnis.',NULL,'085777, Тюменская область, город Клин, наб. Косиора, 61','NEW',7507.0000,NULL,-70.9519400,-165.5974200,'2021-03-22 03:36:32',NULL),(106,22,NULL,4,'Aperiam perspiciatis et laudantium quia reprehenderit.','Velit eaque sed et eum et. Placeat at doloribus libero nihil quaerat.',NULL,NULL,'NEW',2949.0000,NULL,NULL,NULL,'2021-03-26 05:38:04',NULL),(107,34,NULL,6,'Fugit laborum temporibus eum nihil quaerat molestiae vel.','Consequatur nisi repellendus aut in. Quis consequatur voluptas dolor earum omnis.',NULL,'441623, Новосибирская область, город Шаховская, ул. Домодедовская, 96','NEW',4939.0000,NULL,-20.6400550,41.7702110,'2021-03-24 12:49:18',NULL),(108,25,NULL,8,'Earum a fuga at eius voluptas voluptas praesentium.','Ut excepturi autem aperiam deleniti. Nulla suscipit quia porro aut.',NULL,NULL,'NEW',5336.0000,NULL,NULL,NULL,'2021-03-16 01:59:51',NULL),(109,34,NULL,4,'In eius tempora nemo non ut.','Quas pariatur magni autem voluptatem. Sapiente quos ipsa consequuntur blanditiis.',NULL,'308858, Пензенская область, город Клин, проезд 1905 года, 15','NEW',7742.0000,'2021-04-18',87.8534890,142.7634050,'2021-04-13 08:05:11',NULL),(110,17,NULL,8,'Voluptatem facere et enim aut sed.','Et maxime vero dolorem in. Consectetur reiciendis unde et non dolores ex.',NULL,'378104, Амурская область, город Москва, спуск Балканская, 74','NEW',NULL,'2021-04-18',-17.9945530,31.1639600,'2021-03-18 21:44:33',NULL),(111,10,NULL,8,'Repellat nihil quae velit.','Saepe officiis ea accusantium dolores veniam. Dolores ut in sit illo dolores accusantium.',NULL,'407160, Кировская область, город Ногинск, спуск 1905 года, 27','NEW',383.0000,NULL,68.5624090,-139.4187720,'2021-03-17 20:39:23',NULL),(112,35,NULL,8,'Incidunt eius sed optio magnam libero enim.','Nihil vel omnis soluta non ducimus eius non. Tempore omnis possimus aut omnis.',NULL,'272135, Мурманская область, город Серпухов, пер. Балканская, 93','NEW',NULL,NULL,1.9764910,163.2254910,'2021-04-04 12:18:57',NULL),(113,31,NULL,4,'Ea error tempore quia et est.','Quis distinctio et autem modi voluptas unde. Delectus quibusdam sint adipisci ab.',NULL,'963275, Владимирская область, город Шатура, пл. Домодедовская, 35','NEW',8429.0000,NULL,-25.6318810,3.7507120,'2021-03-17 14:04:36',NULL),(114,27,NULL,1,'Dolores a hic fugit nulla.','Quia non cupiditate nesciunt sed quaerat ut. Aliquid harum voluptatem sed aliquam.',NULL,'907552, Ульяновская область, город Ногинск, наб. Ломоносова, 30','NEW',NULL,NULL,42.6847710,145.4300710,'2021-04-09 16:00:05',NULL),(115,14,NULL,1,'Ea vitae veritatis quam doloribus officia quis et.','Nam et nihil autem omnis. Est quia nostrum itaque ratione eaque.',NULL,'907809, Калининградская область, город Клин, спуск Косиора, 10','NEW',1610.0000,'2021-04-18',30.6329170,-50.0574430,'2021-03-27 03:28:19',NULL),(116,28,NULL,7,'Ad sed voluptatem ex modi eos enim.','Rerum repellat officiis ad et. Numquam perferendis nam perferendis expedita. Eum dicta sed libero.',NULL,NULL,'NEW',6439.0000,NULL,NULL,NULL,'2021-04-09 04:17:00',NULL),(117,7,NULL,8,'Consequuntur quis est est eum nihil iusto quae qui.','Alias est consequatur perspiciatis ut velit. Et et aut et. Omnis odio excepturi dicta.',NULL,'567977, Смоленская область, город Домодедово, бульвар Будапештсткая, 25','NEW',7773.0000,NULL,63.2385960,129.4372700,'2021-04-08 13:37:24',NULL),(118,29,NULL,6,'Esse velit soluta aliquid enim.','Animi repellendus accusamus sequi minima. Voluptas in eaque dolores possimus.',NULL,'544407, Ленинградская область, город Красногорск, спуск Ленина, 33','NEW',686.0000,NULL,-27.5759800,154.6686730,'2021-03-31 10:26:36',NULL),(119,14,NULL,1,'Vitae dolorem similique et sed.','Alias maiores iste minima culpa. Quam ex veniam facilis facere optio. Sequi ut repellat quia sed.',NULL,'746592, Московская область, город Пушкино, пер. Домодедовская, 76','NEW',NULL,NULL,-60.7197010,15.5416700,'2021-03-16 13:55:31',NULL),(120,25,NULL,3,'Recusandae perspiciatis et aut quod ea voluptas omnis.','Est et enim illum quidem ut. At alias odio id et culpa. Accusantium rerum et aut esse.',NULL,'802246, Самарская область, город Балашиха, ул. Ладыгина, 36','NEW',NULL,NULL,9.0800250,-112.4229270,'2021-03-18 11:34:33',NULL),(121,29,NULL,7,'Earum sint consectetur omnis nisi occaecati aut.','Iusto id quia enim magnam. Est totam molestias vero. Enim aut et magni aliquam.',NULL,'980058, Рязанская область, город Красногорск, въезд Домодедовская, 75','NEW',1910.0000,NULL,-85.4336260,80.8364800,'2021-03-28 22:49:12',NULL),(122,21,NULL,4,'Natus non porro ad.','Eos ex autem quia. Alias alias veritatis placeat. Quibusdam et asperiores id soluta magnam.',NULL,NULL,'NEW',NULL,NULL,NULL,NULL,'2021-03-28 22:37:05',NULL),(123,19,NULL,8,'Doloremque sint in in deleniti doloribus distinctio odio.','Hic aperiam molestias alias est. Est quis vel ducimus laborum quod.',NULL,'351269, Московская область, город Ступино, спуск Гагарина, 72','NEW',1950.0000,NULL,1.4528450,119.3807450,'2021-03-30 07:24:23',NULL),(124,26,NULL,2,'Ex qui rem voluptatem laudantium.','Sit quidem fugit consequatur non nisi. Quis et eum doloribus ea accusamus consequatur dignissimos.',NULL,NULL,'NEW',4584.0000,'2021-04-18',NULL,NULL,'2021-04-12 06:24:13',NULL),(125,25,NULL,1,'Unde doloribus sit quos ab accusamus est.','Saepe temporibus voluptates illum velit ad est commodi cupiditate. Quod impedit ut et eius.',NULL,'346732, Орловская область, город Серебряные Пруды, спуск Косиора, 37','NEW',NULL,'2021-04-18',42.9688970,141.5159470,'2021-04-10 21:55:35',NULL),(126,26,NULL,4,'Velit repudiandae sit sit minima omnis dignissimos.','Praesentium est tempore at aut iste aut consequatur. Vel repudiandae dolores officiis aspernatur.',NULL,NULL,'NEW',NULL,'2021-04-18',NULL,NULL,'2021-03-21 05:39:04',NULL),(127,8,NULL,5,'Aut corporis nesciunt sit.','Est quod illo aut optio animi. Sunt unde maxime id dolores mollitia totam sed animi.',NULL,'400576, Ростовская область, город Москва, наб. Гагарина, 14','NEW',5238.0000,'2021-04-18',-8.4786060,145.4940080,'2021-03-23 05:44:17',NULL),(128,22,NULL,1,'Dolorum velit debitis possimus labore quidem labore laudantium consequatur.','Architecto nobis voluptatem quis. Numquam quod quidem ad dolore nulla.',NULL,'597839, Курская область, город Шаховская, ул. Славы, 55','NEW',1262.0000,NULL,-37.6612350,-76.1630750,'2021-03-20 01:41:34',NULL),(129,19,NULL,7,'Eos alias vel dolor natus nihil necessitatibus ea.','Ipsa sunt a sit quia quibusdam. Nemo provident qui voluptas. Est et ut iusto hic repudiandae ea.',NULL,'435902, Омская область, город Шаховская, наб. Космонавтов, 56','NEW',NULL,NULL,-67.5394420,18.6187750,'2021-03-13 23:06:57',NULL),(130,4,NULL,4,'Aperiam atque commodi enim harum.','Alias sint non ut. Vero voluptatem ab quo voluptas. In natus nulla in voluptas.',NULL,NULL,'NEW',1223.0000,'2021-04-18',NULL,NULL,'2021-04-10 02:52:35',NULL),(131,6,NULL,3,'Eum reiciendis aut dolor ipsam eligendi fugit.','Rerum alias ut voluptate et perspiciatis culpa. Voluptatem saepe eligendi est blanditiis totam.',NULL,'995399, Смоленская область, город Коломна, пл. 1905 года, 87','NEW',3114.0000,'2021-04-18',-34.6851670,-72.4069310,'2021-03-26 08:27:22',NULL),(132,31,NULL,3,'Sapiente hic facilis architecto.','Iusto aperiam ut dignissimos qui quia. Molestiae porro sit quod voluptatem nihil.',NULL,'378692, Белгородская область, город Лотошино, пл. Балканская, 61','NEW',4588.0000,NULL,44.2863980,96.7588200,'2021-03-20 10:58:19',NULL),(133,21,NULL,2,'Unde voluptas quos nulla laudantium rem nobis eaque ea.','Qui consequatur provident est unde. Eum itaque nesciunt qui quo maiores.',NULL,NULL,'NEW',NULL,NULL,NULL,NULL,'2021-03-19 22:35:39',NULL),(134,24,NULL,6,'Ut exercitationem voluptatem voluptatem.','Doloremque totam corporis est et eum. Est nemo iusto quia totam eos.',NULL,'052338, Тверская область, город Раменское, спуск Косиора, 97','NEW',NULL,'2021-04-18',-34.8465080,-70.6129670,'2021-03-14 22:28:54',NULL),(135,27,NULL,6,'Alias harum et ut ullam accusamus consequatur dicta.','Saepe quas minus labore eos explicabo assumenda. Veritatis deserunt quae minus nostrum animi.',NULL,'899796, Амурская область, город Наро-Фоминск, ул. Чехова, 15','NEW',6455.0000,NULL,-30.5579200,25.2249730,'2021-03-14 20:38:04',NULL),(136,12,NULL,1,'Temporibus magnam pariatur vel ratione quos culpa.','Placeat nostrum laudantium ut rerum ratione velit. Ea voluptatem deleniti sunt qui deserunt.',NULL,NULL,'NEW',6827.0000,NULL,NULL,NULL,'2021-03-31 21:31:28',NULL),(137,22,NULL,1,'Libero cumque quos nobis.','Magnam dolorum ut et aut. Non distinctio totam laboriosam deserunt sunt.',NULL,'482441, Саратовская область, город Истра, пр. Домодедовская, 81','NEW',9859.0000,'2021-04-18',17.7977570,-82.8758260,'2021-03-26 09:04:58',NULL),(138,19,NULL,7,'Eum aut labore alias omnis.','Corrupti et qui unde similique illo iste quia. Et rerum accusamus qui repellendus.',NULL,NULL,'NEW',8824.0000,NULL,NULL,NULL,'2021-04-11 05:50:01',NULL),(139,28,NULL,6,'Explicabo minus rerum voluptates ex est sunt aut.','Quasi ut voluptatibus qui corporis. Deserunt nihil ut impedit libero doloremque ut dolore.',NULL,'460300, Новгородская область, город Балашиха, ул. Будапештсткая, 23','NEW',7338.0000,NULL,32.5572580,-136.5181780,'2021-04-10 06:30:16',NULL),(140,6,NULL,1,'Rerum nobis eius quis quis repellendus eum.','Nesciunt illum itaque eius debitis aut rerum excepturi. Deserunt ipsum cumque et.',NULL,NULL,'NEW',1627.0000,NULL,NULL,NULL,'2021-04-09 01:25:58',NULL),(141,8,NULL,2,'Facilis omnis maxime porro modi quos adipisci.','Aliquid voluptas totam accusamus et. Hic quam odio est consequatur. Quos inventore quis neque.',NULL,NULL,'NEW',NULL,NULL,NULL,NULL,'2021-04-09 03:29:01',NULL),(142,31,NULL,6,'Beatae distinctio nemo deserunt odit mollitia vero laudantium.','Voluptatibus iste fuga veritatis quae. Ratione molestiae in qui et eaque delectus dolor.',NULL,'991807, Сахалинская область, город Подольск, пер. Ладыгина, 31','NEW',NULL,'2021-04-18',51.6961840,14.6329760,'2021-03-18 13:58:31',NULL),(143,23,NULL,2,'Minus distinctio sed sunt voluptatem aperiam blanditiis.','Ex tenetur eum totam eum qui molestiae est. Nesciunt et nisi tempore error.',NULL,NULL,'NEW',NULL,'2021-04-18',NULL,NULL,'2021-04-08 10:24:27',NULL),(144,30,NULL,2,'Repellat explicabo sunt a consequatur.','Est a delectus assumenda iusto. Et quae maxime fugiat modi reiciendis aut.',NULL,'371941, Калининградская область, город Подольск, въезд Гоголя, 92','NEW',808.0000,NULL,-16.5962750,135.1506230,'2021-03-15 02:36:34',NULL),(145,22,NULL,7,'Dolor aut dolorem et voluptatum.','Maiores labore possimus nemo quia quas. Sequi quae laborum laudantium aut in rerum.',NULL,'886343, Магаданская область, город Серебряные Пруды, въезд Чехова, 64','NEW',5614.0000,NULL,-70.4722670,8.5988660,'2021-03-15 16:33:08',NULL),(146,31,NULL,1,'Tempora in enim saepe inventore maxime aut.','Tempore architecto nulla sunt in veniam. Et saepe doloribus nulla similique.',NULL,NULL,'NEW',9041.0000,NULL,NULL,NULL,'2021-04-03 00:57:20',NULL),(147,5,NULL,6,'Soluta sit officia sequi repellat sit officia.','Mollitia veritatis et tenetur adipisci magni sit. Et quas id itaque nobis explicabo officia veniam.',NULL,'174609, Ярославская область, город Серпухов, въезд Ладыгина, 41','NEW',560.0000,NULL,1.4700280,40.0926250,'2021-04-01 22:17:09',NULL),(148,27,NULL,2,'Et recusandae quisquam optio cupiditate eos consequatur.','Laborum et recusandae aut dolore qui molestias. Ipsam sit dignissimos deserunt praesentium.',NULL,'859683, Ульяновская область, город Серебряные Пруды, бульвар Гоголя, 76','NEW',5725.0000,'2021-04-18',28.1743650,-78.1609410,'2021-03-20 18:15:05',NULL),(149,30,NULL,7,'Qui explicabo possimus quaerat aliquam repudiandae illo.','Tenetur totam illum et tenetur quia. Doloremque rerum vero hic non molestiae.',NULL,'725969, Ивановская область, город Орехово-Зуево, въезд Гоголя, 64','NEW',NULL,NULL,38.8784980,24.2529300,'2021-03-21 06:10:45',NULL),(150,15,NULL,6,'At et impedit unde voluptatem ex et fugiat.','Consectetur inventore sint rerum. Inventore voluptate qui eveniet.',NULL,'357611, Омская область, город Серпухов, въезд Сталина, 12','NEW',2189.0000,NULL,-39.7850190,-32.6530650,'2021-03-29 10:35:03',NULL),(151,20,NULL,5,'Sapiente facilis architecto ut laborum aliquam.','Cum possimus minima modi est voluptatem. Rerum magnam et aliquam. Et ut voluptatem tempore quia.',NULL,NULL,'NEW',564.0000,NULL,NULL,NULL,'2021-03-28 06:54:00',NULL),(152,6,NULL,7,'Qui quia aliquam voluptate fugit dolores.','Non id debitis odio non. Ut magnam illum quibusdam dolorem occaecati quo nobis.',NULL,NULL,'NEW',5152.0000,NULL,NULL,NULL,'2021-03-30 04:00:49',NULL),(153,8,NULL,7,'Exercitationem quasi repudiandae rerum et ducimus.','Iure culpa delectus consectetur quia. Ut nihil voluptates est atque voluptas et.',NULL,'157836, Калужская область, город Дорохово, проезд Ленина, 23','NEW',2089.0000,'2021-04-18',-42.8649350,167.3763670,'2021-03-30 16:58:16',NULL),(154,2,NULL,8,'Magni quia qui sapiente veritatis.','Et deserunt molestiae et dolore ut. Quo qui dolor distinctio aut.',NULL,'736871, Саратовская область, город Пушкино, въезд Ленина, 18','NEW',3556.0000,NULL,-25.6432570,82.8484070,'2021-03-25 14:42:43',NULL),(155,13,NULL,5,'Nulla exercitationem sint ut minus.','Inventore nemo facilis sit dicta magnam ut in. Architecto consequatur voluptas est quis ut.',NULL,'097801, Рязанская область, город Шатура, въезд Будапештсткая, 44','NEW',525.0000,'2021-04-18',-69.0510830,126.4778840,'2021-03-29 19:42:12',NULL),(156,25,NULL,7,'Consequuntur aut sint qui voluptatem autem.','Ex numquam autem illum occaecati adipisci. Eaque libero quia voluptate eaque eum.',NULL,'444156, Ленинградская область, город Балашиха, шоссе Чехова, 70','NEW',1278.0000,NULL,-82.5758060,-164.3611060,'2021-04-02 10:38:23',NULL),(157,11,NULL,1,'Nemo aliquid quo et corporis.','Nemo voluptatibus ipsam vel quos. Enim dicta mollitia ab quasi cum placeat.',NULL,'529103, Оренбургская область, город Щёлково, ул. Ленина, 56','NEW',6999.0000,NULL,82.4200330,-15.4227620,'2021-04-02 11:50:07',NULL),(158,2,NULL,3,'Dolore cumque ipsa doloribus consequatur omnis.','A et sunt et. Vero nulla aliquid quisquam culpa aut.',NULL,'747546, Московская область, город Истра, наб. Чехова, 66','NEW',NULL,NULL,76.7342190,-143.6679960,'2021-03-31 21:59:15',NULL),(159,2,NULL,6,'Repellendus aut doloribus quo accusamus itaque.','Omnis sequi vitae molestiae. Et ea animi minus rerum. Ipsa voluptas qui sint libero.',NULL,NULL,'NEW',7008.0000,NULL,NULL,NULL,'2021-04-03 16:50:14',NULL),(160,35,NULL,7,'Eius quae atque et ut.','Vel reiciendis dolorum et accusamus aliquam. Sed eum aspernatur in eos provident commodi rerum aut.',NULL,'479167, Омская область, город Чехов, въезд Домодедовская, 73','NEW',5014.0000,NULL,19.0751570,27.1660040,'2021-03-20 03:15:19',NULL),(161,6,NULL,1,'Qui expedita fugit id unde et quaerat.','Enim aut voluptate magni soluta ex. Ducimus voluptate officiis sunt. Odit modi nostrum harum sunt.',NULL,'907733, Брянская область, город Орехово-Зуево, бульвар Будапештсткая, 40','NEW',3745.0000,NULL,-69.9464390,130.8087680,'2021-03-19 15:36:56',NULL),(162,15,NULL,6,'Ut exercitationem ut libero omnis.','Molestias voluptas aut quis. Accusantium et quos expedita. Provident qui ipsum aut illum dolor.',NULL,'437101, Тамбовская область, город Волоколамск, пер. Ладыгина, 92','NEW',6224.0000,NULL,57.2439040,-17.3011650,'2021-03-14 15:06:43',NULL),(163,18,NULL,6,'Voluptatum qui eveniet amet harum.','Eos qui itaque earum non. Soluta repudiandae voluptas ut molestiae.',NULL,'204225, Курганская область, город Серпухов, пр. Космонавтов, 25','NEW',4004.0000,'2021-04-18',-46.2791340,-39.9413120,'2021-03-16 03:56:05',NULL),(164,35,NULL,7,'Vel delectus eius consequatur soluta.','Atque quod vel aut aut pariatur. Ea beatae magnam quae aut beatae officia.',NULL,NULL,'NEW',NULL,NULL,NULL,NULL,'2021-04-06 14:14:08',NULL),(165,30,NULL,3,'Ullam perspiciatis ad sint ex eos cupiditate.','Dolore est maxime dolores excepturi inventore facere ut. Tempora in neque ut nemo.',NULL,NULL,'NEW',2771.0000,NULL,NULL,NULL,'2021-04-05 05:34:54',NULL),(166,18,NULL,4,'Quo architecto itaque itaque aut.','Atque quia commodi distinctio delectus. Rerum ut excepturi eius autem dolor minus aut.',NULL,'849300, Ивановская область, город Серпухов, въезд Ломоносова, 17','NEW',NULL,NULL,45.6980900,24.7695090,'2021-03-26 20:50:06',NULL),(167,24,NULL,2,'Consectetur facilis sequi et sit voluptas.','Eligendi voluptatem quo aut modi fugit. Corrupti dicta ex doloremque est soluta qui.',NULL,'300510, Томская область, город Ногинск, ул. Чехова, 76','NEW',NULL,'2021-04-18',87.4094300,-136.2292410,'2021-04-08 10:20:05',NULL),(168,30,NULL,4,'Et necessitatibus reprehenderit perspiciatis sint qui possimus dolores.','Aut cupiditate aliquid sed quis et sed modi consequatur. Aut ut recusandae ea officiis magnam quod.',NULL,'329960, Владимирская область, город Шатура, шоссе Космонавтов, 58','NEW',NULL,NULL,32.4049640,-115.1843880,'2021-04-07 19:53:10',NULL),(169,22,NULL,2,'Officiis voluptatibus iste neque molestias.','Sint maxime consequatur vel. Quisquam a illum velit assumenda aperiam pariatur.',NULL,'533833, Магаданская область, город Люберцы, бульвар Домодедовская, 65','NEW',8267.0000,'2021-04-18',81.7629970,-66.4435160,'2021-03-22 19:58:23',NULL),(170,35,NULL,1,'Est omnis iure provident delectus.','Et quod qui eius iste ratione odio sunt qui. Vero magnam impedit enim fugit adipisci laudantium.',NULL,'704810, Орловская область, город Одинцово, проезд Ладыгина, 86','NEW',9482.0000,NULL,76.9183890,98.8512260,'2021-04-11 07:16:53',NULL),(171,29,NULL,8,'Ipsa deleniti dolorem voluptas cupiditate doloribus sed et.','Dolorem ab expedita quos rem magnam aut omnis. Facere rem et et minima neque et quis.',NULL,NULL,'NEW',1487.0000,NULL,NULL,NULL,'2021-03-16 07:12:23',NULL),(172,12,NULL,2,'Vitae et tenetur consequuntur numquam corrupti cumque est.','Perferendis earum praesentium ut hic. Ut omnis fugiat voluptas. Eaque eius unde in optio.',NULL,NULL,'NEW',NULL,'2021-04-18',NULL,NULL,'2021-03-19 05:33:25',NULL),(173,2,NULL,7,'Est culpa nihil explicabo incidunt ut.','Qui optio neque ex a architecto similique. Quisquam reprehenderit et itaque et.',NULL,NULL,'NEW',NULL,'2021-04-18',NULL,NULL,'2021-04-02 10:43:10',NULL),(174,18,NULL,4,'Ea deserunt quod illo alias quis vel.','Nihil optio consequuntur qui quas omnis. Alias tenetur maxime omnis magni.',NULL,'367159, Калужская область, город Шатура, спуск Славы, 43','NEW',8163.0000,NULL,30.3429380,45.0081350,'2021-04-05 20:12:43',NULL),(175,12,NULL,2,'Dolor voluptatem quia maiores earum aspernatur aut maxime.','Explicabo et neque esse est illum cum molestiae. Adipisci et labore ex modi.',NULL,'758463, Нижегородская область, город Сергиев Посад, пр. Чехова, 30','NEW',NULL,NULL,60.9673980,173.6208810,'2021-04-07 01:45:10',NULL),(176,8,NULL,3,'Ut consequatur repudiandae voluptatum magni sequi et.','Sunt autem saepe aut id quia corporis. Non eaque omnis sint alias saepe. Hic debitis dolores amet.',NULL,'169513, Томская область, город Луховицы, пр. Ленина, 85','NEW',2180.0000,NULL,58.2267100,-160.2102970,'2021-04-07 08:10:34',NULL),(177,21,NULL,7,'Voluptate deserunt nisi ut ipsa voluptatum voluptate nisi.','Sit qui voluptas officiis suscipit nulla expedita. Corporis earum aut vel.',NULL,NULL,'NEW',6433.0000,NULL,NULL,NULL,'2021-03-14 20:37:44',NULL),(178,26,NULL,7,'Rem cupiditate voluptas omnis voluptatem distinctio ullam at consequatur.','Fuga quo quam ut aut sequi magni non. Recusandae rem voluptas voluptatibus ut tempore illo qui eum.',NULL,'711292, Оренбургская область, город Луховицы, пл. Сталина, 82','NEW',7361.0000,NULL,7.4673950,-15.0386700,'2021-04-02 12:32:38',NULL),(179,25,NULL,4,'Cum culpa at repellat quia sunt facilis nostrum.','Illum voluptas et voluptas vitae rem. Labore amet dolor tenetur ut ut. Eos eum deserunt est.',NULL,'351810, Свердловская область, город Зарайск, проезд Славы, 54','NEW',NULL,NULL,4.6577230,57.0470350,'2021-03-30 20:11:47',NULL),(180,11,NULL,2,'Sit ipsa modi id quod vitae error temporibus.','Nam nemo dicta sed sed. Aut doloremque voluptas nostrum quia. Quis iure eaque aspernatur eos.',NULL,NULL,'NEW',5722.0000,NULL,NULL,NULL,'2021-03-21 03:22:01',NULL),(181,11,NULL,1,'Eum ratione dolor ut officiis.','Maxime similique quos enim consequatur corporis. Sunt eaque voluptates fuga id ut nemo soluta.',NULL,'945989, Свердловская область, город Зарайск, спуск Славы, 72','NEW',2286.0000,NULL,-50.0658910,-77.2085850,'2021-04-03 00:16:53',NULL),(182,8,NULL,8,'Molestias voluptatem et et atque non ipsam nobis.','Iure qui vel officiis quis voluptatem aut asperiores. In est similique aspernatur sed eum.',NULL,'941576, Кировская область, город Талдом, бульвар Ленина, 61','NEW',4712.0000,NULL,-37.3077840,-103.9129520,'2021-04-04 09:02:43',NULL),(183,30,NULL,1,'Beatae omnis ut sequi in rerum.','Quos quis a cum est occaecati deleniti. A maxime qui inventore. Voluptate odit quisquam id quia.',NULL,'441250, Московская область, город Домодедово, пл. Ломоносова, 75','NEW',2229.0000,NULL,4.3293480,161.6101230,'2021-04-04 23:14:23',NULL),(184,12,NULL,1,'Voluptas excepturi commodi quasi quia.','Voluptas ut optio et quis. Totam rerum est velit qui corrupti autem.',NULL,'227452, Тульская область, город Павловский Посад, пл. Бухарестская, 83','NEW',1845.0000,NULL,-65.6233880,-26.8724110,'2021-03-25 10:31:04',NULL),(185,8,NULL,2,'Enim ratione dignissimos nihil molestias dicta autem consequatur voluptatem.','Eos tempora tempora necessitatibus nam iusto quas. Ut voluptatem necessitatibus voluptatem.',NULL,'731694, Белгородская область, город Пушкино, спуск Косиора, 53','NEW',NULL,NULL,84.1831950,27.5577710,'2021-04-12 10:26:09',NULL),(186,6,NULL,8,'Blanditiis iure soluta in eum excepturi id ullam.','Non corporis necessitatibus eos esse voluptatem consectetur sint. Molestias et enim non ab qui.',NULL,'515202, Московская область, город Луховицы, спуск Космонавтов, 85','NEW',6292.0000,NULL,3.4383560,125.1905270,'2021-04-07 01:27:27',NULL),(187,25,NULL,4,'Repudiandae dicta vero ex sequi rerum autem at.','Aspernatur est excepturi ipsum consequatur eius. Omnis ratione sint ut incidunt iusto.',NULL,'288846, Астраханская область, город Красногорск, пл. Косиора, 81','NEW',4524.0000,NULL,-70.9402360,-50.3789780,'2021-03-21 19:20:27',NULL),(188,31,NULL,4,'Velit excepturi omnis ea aspernatur sunt et.','Minima expedita ut aliquam vel quia doloribus. Deserunt eum et quo nam.',NULL,'180808, Ростовская область, город Дмитров, бульвар Бухарестская, 26','NEW',NULL,'2021-04-18',-23.0332090,94.4883790,'2021-04-09 15:05:55',NULL),(189,9,NULL,1,'Sed placeat aut omnis rerum quisquam voluptatem earum optio.','Repellendus voluptas placeat porro sapiente. Fugiat quo neque enim illo vero aperiam voluptatem.',NULL,NULL,'NEW',NULL,NULL,NULL,NULL,'2021-03-22 20:45:48',NULL),(190,35,NULL,1,'Qui illum ab hic quis sit ratione beatae.','Ab aliquid neque dolor dicta. Autem consequatur quia repellat repellat. Qui quidem ea aut eius.',NULL,NULL,'NEW',3762.0000,NULL,NULL,NULL,'2021-04-01 00:21:11',NULL),(191,25,NULL,2,'Maiores velit et ut ea asperiores et est.','Distinctio voluptate ab ut. Enim odio est harum in.',NULL,'421960, Калужская область, город Павловский Посад, ул. Славы, 97','NEW',2567.0000,NULL,60.1525590,34.8886820,'2021-04-11 02:51:55',NULL),(192,31,NULL,5,'Voluptate ratione et dolorem quasi vel.','Adipisci sit dolores incidunt totam. Tempore qui maiores facilis in.',NULL,'262383, Ярославская область, город Люберцы, пр. Ломоносова, 92','NEW',7834.0000,NULL,46.2520660,-160.7659320,'2021-03-22 21:12:55',NULL),(193,32,NULL,7,'Est nam fuga reprehenderit praesentium nihil dolorem deleniti.','Voluptatum quam quia laudantium deleniti cumque consequatur. Dolor officia sunt aut quos magni.',NULL,'527870, Смоленская область, город Серебряные Пруды, проезд Балканская, 29','NEW',4855.0000,'2021-04-18',-7.1682430,65.8344270,'2021-03-30 02:21:59',NULL),(194,15,NULL,6,'Harum quo fugiat voluptatum officia in et.','Ut dolorum omnis autem. Aut distinctio rem praesentium ea qui. Est et tenetur sit.',NULL,'196454, Рязанская область, город Сергиев Посад, спуск Бухарестская, 19','NEW',NULL,NULL,-35.3563420,137.7332470,'2021-03-28 17:52:07',NULL),(195,17,NULL,5,'Nostrum voluptas porro in incidunt et a ut.','Dolor perferendis qui totam harum. Ut perferendis et ad et aut iure.',NULL,NULL,'NEW',6833.0000,'2021-04-18',NULL,NULL,'2021-04-02 23:45:58',NULL),(196,13,NULL,6,'Odio accusantium ipsam sit tempore totam.','Fuga voluptatibus eum ad sunt. Nam vitae dolorem nihil soluta vel voluptas.',NULL,NULL,'NEW',NULL,NULL,NULL,NULL,'2021-03-18 02:40:09',NULL),(197,28,NULL,8,'Distinctio aut assumenda dolores.','Autem eaque in et sunt. Consectetur ut nisi porro dolorem minus expedita.',NULL,NULL,'NEW',NULL,'2021-04-18',NULL,NULL,'2021-04-12 21:48:58',NULL),(198,35,NULL,8,'Ut dolores cupiditate quidem et quo.','Veritatis nobis ratione perspiciatis. Neque at quasi odit recusandae ipsam aut.',NULL,'811260, Кировская область, город Дмитров, пер. Гагарина, 70','NEW',NULL,NULL,8.4190830,90.0905360,'2021-04-06 11:26:23',NULL),(199,3,NULL,8,'Sed reiciendis nulla corrupti architecto cum.','Sint blanditiis omnis aspernatur temporibus perferendis rerum. Vel maiores autem quia.',NULL,NULL,'NEW',6903.0000,NULL,NULL,NULL,'2021-03-17 14:48:23',NULL),(200,32,NULL,5,'Est vero dolores mollitia.','Fuga recusandae quos ut illo corrupti perspiciatis est. Ratione dolor maiores sapiente id.',NULL,'183989, Челябинская область, город Лотошино, пл. Сталина, 32','NEW',5800.0000,NULL,26.6927070,16.2208150,'2021-04-10 19:54:48',NULL);
/*!40000 ALTER TABLE `tasks` ENABLE KEYS */;
UNLOCK TABLES;

--
-- Table structure for table `user_attachments`
--

DROP TABLE IF EXISTS `user_attachments`;
/*!40101 SET @saved_cs_client     = @@character_set_client */;
/*!40101 SET character_set_client = utf8 */;
CREATE TABLE `user_attachments` (
  `id` int(10) unsigned NOT NULL AUTO_INCREMENT,
  `user_id` int(10) unsigned DEFAULT NULL,
  `task_id` int(10) unsigned DEFAULT NULL,
  `display_name` varchar(256) NOT NULL,
  `file_name` text NOT NULL,
  `file_path` text,
  `file_meta` longtext,
  `thumb_path` text,
  PRIMARY KEY (`id`),
  KEY `fk_user_attachments_users_idx` (`user_id`),
  KEY `fk_user_attachments_tasks_idx` (`task_id`),
  CONSTRAINT `fk_attachments_users` FOREIGN KEY (`user_id`) REFERENCES `users` (`id`) ON DELETE NO ACTION ON UPDATE NO ACTION,
  CONSTRAINT `fk_user_attachments_tasks` FOREIGN KEY (`task_id`) REFERENCES `tasks` (`id`) ON DELETE NO ACTION ON UPDATE NO ACTION
) ENGINE=InnoDB DEFAULT CHARSET=utf8mb4;
/*!40101 SET character_set_client = @saved_cs_client */;

--
-- Dumping data for table `user_attachments`
--

LOCK TABLES `user_attachments` WRITE;
/*!40000 ALTER TABLE `user_attachments` DISABLE KEYS */;
/*!40000 ALTER TABLE `user_attachments` ENABLE KEYS */;
UNLOCK TABLES;

--
-- Table structure for table `user_categories`
--

DROP TABLE IF EXISTS `user_categories`;
/*!40101 SET @saved_cs_client     = @@character_set_client */;
/*!40101 SET character_set_client = utf8 */;
CREATE TABLE `user_categories` (
  `id` int(10) unsigned NOT NULL AUTO_INCREMENT,
  `user_id` int(10) unsigned NOT NULL,
  `category_id` int(10) unsigned NOT NULL,
  PRIMARY KEY (`id`,`user_id`,`category_id`),
  KEY `fk_user_categories_category_idx` (`category_id`),
  KEY `fk_user_categories_user_idx` (`user_id`),
  CONSTRAINT `fk_user_categories_category` FOREIGN KEY (`category_id`) REFERENCES `categories` (`id`) ON DELETE NO ACTION ON UPDATE CASCADE,
  CONSTRAINT `fk_user_categories_user` FOREIGN KEY (`user_id`) REFERENCES `users` (`id`) ON DELETE NO ACTION ON UPDATE CASCADE
) ENGINE=InnoDB AUTO_INCREMENT=36 DEFAULT CHARSET=utf8mb4;
/*!40101 SET character_set_client = @saved_cs_client */;

--
-- Dumping data for table `user_categories`
--

LOCK TABLES `user_categories` WRITE;
/*!40000 ALTER TABLE `user_categories` DISABLE KEYS */;
INSERT INTO `user_categories` VALUES (5,26,1),(6,14,1),(19,18,1),(7,5,2),(9,29,2),(14,18,2),(17,8,2),(27,17,2),(28,34,2),(29,22,2),(31,29,2),(11,9,3),(12,3,3),(3,12,4),(8,29,4),(21,3,4),(26,30,4),(30,13,4),(32,8,4),(1,17,5),(15,26,5),(16,35,5),(24,8,5),(4,35,6),(10,1,6),(18,22,6),(22,16,6),(25,10,6),(33,15,6),(35,7,6),(13,21,7),(20,3,7),(2,18,8),(23,26,8),(34,21,8);
/*!40000 ALTER TABLE `user_categories` ENABLE KEYS */;
UNLOCK TABLES;

--
-- Table structure for table `user_favorites`
--

DROP TABLE IF EXISTS `user_favorites`;
/*!40101 SET @saved_cs_client     = @@character_set_client */;
/*!40101 SET character_set_client = utf8 */;
CREATE TABLE `user_favorites` (
  `id` int(10) unsigned NOT NULL AUTO_INCREMENT,
  `user_id` int(10) unsigned NOT NULL,
  `favorite_user_id` int(10) unsigned NOT NULL,
  PRIMARY KEY (`id`),
  KEY `idx_user_id` (`user_id`),
  KEY `idx_favorite_id` (`favorite_user_id`),
  CONSTRAINT `fk_user_favorites_user` FOREIGN KEY (`favorite_user_id`) REFERENCES `users` (`id`) ON DELETE NO ACTION ON UPDATE NO ACTION
) ENGINE=InnoDB DEFAULT CHARSET=utf8mb4;
/*!40101 SET character_set_client = @saved_cs_client */;

--
-- Dumping data for table `user_favorites`
--

LOCK TABLES `user_favorites` WRITE;
/*!40000 ALTER TABLE `user_favorites` DISABLE KEYS */;
/*!40000 ALTER TABLE `user_favorites` ENABLE KEYS */;
UNLOCK TABLES;

--
-- Table structure for table `user_notifications`
--

DROP TABLE IF EXISTS `user_notifications`;
/*!40101 SET @saved_cs_client     = @@character_set_client */;
/*!40101 SET character_set_client = utf8 */;
CREATE TABLE `user_notifications` (
  `id` int(10) unsigned NOT NULL AUTO_INCREMENT,
  `user_id` int(10) unsigned NOT NULL,
  `new_message` tinyint(1) unsigned NOT NULL DEFAULT '1',
  `new_respond` tinyint(1) unsigned NOT NULL DEFAULT '1',
  `task_actions` tinyint(1) unsigned NOT NULL DEFAULT '1',
  PRIMARY KEY (`id`),
  KEY `fk_user_notify_users_idx` (`user_id`),
  CONSTRAINT `fk_user_notify_users` FOREIGN KEY (`user_id`) REFERENCES `users` (`id`) ON DELETE NO ACTION ON UPDATE CASCADE
) ENGINE=InnoDB DEFAULT CHARSET=utf8mb4;
/*!40101 SET character_set_client = @saved_cs_client */;

--
-- Dumping data for table `user_notifications`
--

LOCK TABLES `user_notifications` WRITE;
/*!40000 ALTER TABLE `user_notifications` DISABLE KEYS */;
/*!40000 ALTER TABLE `user_notifications` ENABLE KEYS */;
UNLOCK TABLES;

--
-- Table structure for table `user_profile`
--

DROP TABLE IF EXISTS `user_profile`;
/*!40101 SET @saved_cs_client     = @@character_set_client */;
/*!40101 SET character_set_client = utf8 */;
CREATE TABLE `user_profile` (
  `id` int(10) unsigned NOT NULL AUTO_INCREMENT,
  `about` text,
  `birth_date` date DEFAULT NULL,
  `phone` varchar(90) DEFAULT NULL,
  `skype` varchar(90) DEFAULT NULL,
  `telegramm` varchar(90) DEFAULT NULL,
  `avatar` varchar(45) DEFAULT NULL,
  `views` int(10) unsigned NOT NULL DEFAULT '0',
  `address` varchar(90) DEFAULT NULL,
  PRIMARY KEY (`id`)
) ENGINE=InnoDB AUTO_INCREMENT=101 DEFAULT CHARSET=utf8mb4;
/*!40101 SET character_set_client = @saved_cs_client */;

--
-- Dumping data for table `user_profile`
--

LOCK TABLES `user_profile` WRITE;
/*!40000 ALTER TABLE `user_profile` DISABLE KEYS */;
INSERT INTO `user_profile` VALUES (1,'Asperiores et quo facere unde quae quia.','1993-09-15','(812) 355-83-29','Quia.','@jdrko',NULL,77,'910966, Волгоградская область, город Талдом, пер. 1905 года, 98'),(2,'Aut quo id voluptas a a quo nihil.','1993-05-29','+7 (922) 391-3930','Vel.','@qcayy',NULL,196,'520012, Тульская область, город Одинцово, шоссе Балканская, 52'),(3,'At delectus nemo eius commodi optio maxime.','1994-11-27','(35222) 35-0548','Quia.','@xfooq',NULL,196,'142001, Воронежская область, город Серебряные Пруды, бульвар Бухарестская, 28'),(4,'Delectus dolorum eum qui molestias et expedita omnis.','1992-03-15','8-800-652-1660','Odit.','@ehbbu',NULL,182,'161288, Орловская область, город Чехов, пл. Сталина, 69'),(5,'Sint magni quo vel.','1995-07-02','+7 (922) 285-8800','Sit.','@atybv',NULL,125,'121698, Воронежская область, город Подольск, шоссе Ладыгина, 72'),(6,'Ducimus similique laboriosam ratione similique ut.','1993-02-14','(35222) 89-2037','Quos.','@lzjtn',NULL,151,'290774, Кемеровская область, город Наро-Фоминск, пер. Чехова, 86'),(7,'Aut error magnam distinctio earum commodi molestiae.','1991-07-10','(35222) 72-6086','Ad.','@ujlqe',NULL,66,'127816, Свердловская область, город Ногинск, пер. Славы, 64'),(8,'Optio animi voluptate aliquid consequatur sint.','1991-11-19','(35222) 68-8595','Nam.','@ypgsl',NULL,272,'716752, Саратовская область, город Мытищи, проезд Домодедовская, 57'),(9,'Nihil quisquam eligendi voluptas.','1991-10-09','(35222) 48-4097','At a.','@setbw',NULL,160,'608661, Орловская область, город Воскресенск, шоссе Ладыгина, 49'),(10,'Quod quo quis iure mollitia quis porro sit.','1996-02-02','(495) 988-5458','Eos.','@tfskl',NULL,256,'642831, Вологодская область, город Балашиха, бульвар Будапештсткая, 23'),(11,'Laborum et a laboriosam natus ut sunt ea sit.','1995-07-23','(35222) 78-9713','Ut.','@mzynw',NULL,151,'272133, Орловская область, город Домодедово, бульвар 1905 года, 74'),(12,'Est omnis itaque et fugit.','1992-04-23','8-800-841-2841','Quas.','@imlsj',NULL,91,'698894, Омская область, город Щёлково, пр. Домодедовская, 37'),(13,'Beatae facilis natus nam.','1992-12-20','(495) 758-6438','Aut.','@vqwjl',NULL,177,'785968, Амурская область, город Можайск, спуск Ломоносова, 65'),(14,'Assumenda aut dolore accusamus pariatur nisi.','1994-05-17','8-800-519-8747','Quia.','@ambxu',NULL,134,'178173, Оренбургская область, город Раменское, наб. Ленина, 72'),(15,'Sed molestiae nesciunt id quis quo dignissimos.','1995-09-15','(495) 034-0715','Et.','@niysg',NULL,168,'492099, Сахалинская область, город Павловский Посад, наб. Сталина, 87'),(16,'Iure corrupti voluptatem repellendus.','1994-03-27','+7 (922) 789-2108','Hic.','@hdnpa',NULL,197,'391492, Тверская область, город Лотошино, шоссе Ломоносова, 16'),(17,'Ut et repellendus illum dolorem ut soluta.','1995-11-19','(812) 296-94-92','Cum.','@necwb',NULL,264,'127680, Курганская область, город Одинцово, пер. Домодедовская, 28'),(18,'Enim repudiandae qui vel pariatur et qui qui omnis.','1993-06-18','(812) 788-44-93','Sit.','@sfnsg',NULL,188,'228117, Иркутская область, город Люберцы, пр. Домодедовская, 39'),(19,'Mollitia sit quaerat ut sed dolorum quam mollitia magnam.','1994-03-06','(812) 252-11-65','In.','@sbmjo',NULL,245,'280706, Сахалинская область, город Наро-Фоминск, спуск Гоголя, 13'),(20,'Mollitia qui dignissimos est atque architecto.','1995-06-22','(35222) 34-0427','Eos.','@fmudx',NULL,123,'182818, Иркутская область, город Красногорск, наб. Сталина, 56'),(21,'Vitae perferendis nam alias sit aut omnis eveniet.','1996-02-22','+7 (922) 124-4615','Eum.','@icuxb',NULL,33,'714916, Астраханская область, город Истра, бульвар Чехова, 91'),(22,'Exercitationem quasi doloremque sit deleniti.','1995-11-17','8-800-750-1068','Et.','@clpzb',NULL,181,'684947, Брянская область, город Лотошино, шоссе Сталина, 48'),(23,'Odio sit quisquam itaque aut explicabo eos corporis.','1994-09-30','8-800-884-8487','Sunt.','@mhkrc',NULL,138,'568778, Тамбовская область, город Кашира, шоссе Гоголя, 88'),(24,'Quia sint nisi doloribus recusandae voluptatum.','1994-09-15','(495) 127-0185','Sed.','@ptljk',NULL,271,'303535, Вологодская область, город Люберцы, пл. Ладыгина, 57'),(25,'Facere tempore officia ut ut soluta quia.','1995-11-22','8-800-851-3395','Non.','@runpw',NULL,265,'198574, Псковская область, город Орехово-Зуево, наб. Ладыгина, 80'),(26,'Aut excepturi quo animi dolores suscipit veritatis.','1994-09-29','+7 (922) 745-4228','Et.','@gronw',NULL,272,'260690, Тульская область, город Ногинск, пр. Ладыгина, 30'),(27,'Mollitia nisi quasi tempora doloribus tenetur.','1996-03-05','(495) 563-6018','Et.','@zlifg',NULL,152,'269378, Орловская область, город Егорьевск, спуск Ленина, 13'),(28,'Est vel illum provident commodi et nihil voluptatem.','1994-12-27','+7 (922) 878-7468','Quia.','@szefq',NULL,249,'088809, Брянская область, город Ступино, бульвар Гоголя, 43'),(29,'Eligendi est perspiciatis sunt.','1992-04-12','8-800-499-4136','Ipsa.','@xfazy',NULL,74,'258099, Белгородская область, город Балашиха, въезд Космонавтов, 10'),(30,'Ratione aut quae veniam.','1995-10-12','(495) 431-8775','Est.','@kzuor',NULL,15,'227037, Оренбургская область, город Серпухов, спуск Косиора, 52'),(31,'Vitae voluptate autem itaque repellendus est.','1996-01-30','(495) 333-4625','Ad.','@jvqjn',NULL,168,'080042, Ярославская область, город Дорохово, въезд Славы, 54'),(32,'Voluptatem consequatur facilis doloremque omnis.','1992-07-16','(495) 512-5072','Quia.','@asbjm',NULL,225,'841411, Саратовская область, город Волоколамск, въезд Ленина, 13'),(33,'Minus voluptas expedita odio temporibus.','1994-07-21','8-800-606-2034','Et.','@txypv',NULL,177,'666344, Вологодская область, город Мытищи, въезд Гоголя, 52'),(34,'Sapiente omnis magnam dolores vero dolorem.','1991-07-21','(495) 267-2704','Quam.','@nqnhw',NULL,278,'906694, Читинская область, город Истра, пер. Славы, 33'),(35,'Aut omnis et et quia. Vitae minima officia atque unde.','1994-08-02','+7 (922) 300-2602','In.','@agwpn',NULL,242,'794794, Томская область, город Дмитров, ул. Ленина, 62'),(36,'Saepe corporis aliquam perferendis saepe in quia voluptas.','1993-09-05','(812) 837-23-48','Est.','@hnseb',NULL,172,'586200, Липецкая область, город Щёлково, пр. Сталина, 26'),(37,'Et rerum sit error et corrupti velit dolorem.','1993-11-08','8-800-257-0255','Hic.','@dbago',NULL,232,'227614, Брянская область, город Егорьевск, въезд Чехова, 90'),(38,'Quia aut eos ipsa illo.','1991-06-22','8-800-186-9662','Quis.','@iojil',NULL,51,'049536, Ивановская область, город Зарайск, шоссе Славы, 76'),(39,'Dolorem iste et sunt in architecto vitae ut.','1995-10-14','+7 (922) 582-3458','Sed.','@rtobc',NULL,284,'591520, Орловская область, город Дмитров, пр. Сталина, 50'),(40,'Aut molestiae ex tempora hic.','1993-02-27','(35222) 46-6103','Ad.','@moggh',NULL,87,'944245, Орловская область, город Воскресенск, въезд Гоголя, 44'),(41,'Quos amet odio qui debitis.','1994-09-26','(35222) 81-5019','Ipsa.','@csrgn',NULL,196,'127650, Ростовская область, город Дорохово, ул. Сталина, 74'),(42,'Explicabo quidem accusantium qui omnis.','1994-01-28','(812) 412-26-62','Aut.','@ryufn',NULL,148,'784019, Тамбовская область, город Серпухов, пл. Сталина, 28'),(43,'Molestiae nam vel enim et perferendis cum ut.','1995-01-28','(35222) 82-4284','Quos.','@gahum',NULL,292,'362594, Ростовская область, город Москва, наб. Славы, 73'),(44,'Accusantium unde facere quo nihil et.','1993-02-22','(495) 821-0522','Quod.','@clisd',NULL,96,'475334, Саратовская область, город Наро-Фоминск, шоссе Ленина, 37'),(45,'Et dicta totam omnis reprehenderit.','1991-05-29','+7 (922) 077-9315','Est.','@yqwqp',NULL,156,'274558, Курганская область, город Видное, спуск Балканская, 22'),(46,'Voluptas blanditiis placeat sequi non aut ab veritatis.','1992-03-18','(495) 579-1499','Sint.','@ennqx',NULL,35,'856157, Ленинградская область, город Можайск, пл. 1905 года, 28'),(47,'Rerum debitis explicabo neque quod doloribus.','1995-12-06','8-800-337-4509','Et.','@yzxno',NULL,264,'759948, Ивановская область, город Видное, пер. Бухарестская, 89'),(48,'Eum eos repellendus consequatur sit.','1992-06-22','+7 (922) 019-6890','Non.','@rpwkh',NULL,1,'216099, Саратовская область, город Кашира, проезд Будапештсткая, 18'),(49,'Et earum atque magnam cum praesentium.','1994-02-11','8-800-772-5218','Sunt.','@ydpmp',NULL,14,'032244, Самарская область, город Истра, въезд Косиора, 51'),(50,'Et amet est perferendis necessitatibus aut ipsum.','1992-09-14','+7 (922) 971-5953','Ut.','@varot',NULL,40,'358914, Новосибирская область, город Лотошино, пл. Гагарина, 89'),(51,'Molestiae voluptatem voluptatem quia iste tempore.','1994-12-09','(812) 628-95-62','Vero.','@vcdmd',NULL,88,'626423, Воронежская область, город Дорохово, проезд Домодедовская, 16'),(52,'Sed quas doloribus dolor odit excepturi.','1995-01-14','8-800-261-5850','Qui.','@mjmdr',NULL,254,'200621, Орловская область, город Одинцово, спуск 1905 года, 41'),(53,'Neque officia nihil sunt.','1995-07-31','(812) 479-93-82','Ut.','@vekas',NULL,104,'386267, Костромская область, город Шатура, бульвар Домодедовская, 22'),(54,'Cum et quis sit architecto eos.','1996-02-10','(35222) 08-2086','Quia.','@jhnyu',NULL,31,'297369, Брянская область, город Павловский Посад, пл. Косиора, 82'),(55,'At nemo non est quibusdam est eveniet eum porro.','1991-08-12','(812) 722-66-39','Id.','@ilyig',NULL,231,'870859, Мурманская область, город Кашира, пер. Сталина, 99'),(56,'Minima dolorem impedit quia aut.','1992-12-11','(495) 151-8580','Qui.','@dubbi',NULL,22,'577990, Брянская область, город Пушкино, пл. Чехова, 28'),(57,'Excepturi eos sit aut veniam.','1991-07-07','(495) 627-9545','Quas.','@kodcv',NULL,281,'157343, Архангельская область, город Шаховская, въезд Космонавтов, 90'),(58,'Expedita fugiat in error delectus.','1995-05-01','(35222) 85-4524','Enim.','@xnzzp',NULL,161,'636293, Кировская область, город Волоколамск, спуск Гагарина, 16'),(59,'Ut dolorem et blanditiis voluptatem molestias.','1993-07-23','+7 (922) 142-6127','Et.','@touze',NULL,59,'616781, Архангельская область, город Зарайск, спуск Будапештсткая, 84'),(60,'Sit praesentium sed iste est et deserunt suscipit.','1994-10-09','8-800-348-3748','Quos.','@cddml',NULL,101,'591772, Брянская область, город Серпухов, ул. Гагарина, 68'),(61,'Eligendi omnis ut hic voluptatem molestiae.','1994-11-15','+7 (922) 161-3273','Sint.','@hyixk',NULL,224,'071249, Магаданская область, город Красногорск, проезд Гагарина, 75'),(62,'Quia accusantium est quam earum.','1992-01-20','(35222) 72-1529','Et.','@waome',NULL,249,'117621, Кемеровская область, город Наро-Фоминск, шоссе Будапештсткая, 49'),(63,'Facilis et vel vero et voluptatem quod.','1992-08-18','8-800-723-5977','Qui.','@xcndy',NULL,235,'214731, Брянская область, город Озёры, наб. Сталина, 46'),(64,'Est minus veniam molestiae et nisi nisi praesentium.','1992-04-17','(495) 955-7396','In.','@qoxsc',NULL,211,'343348, Оренбургская область, город Москва, пл. Ленина, 85'),(65,'Beatae sequi laboriosam sint.','1991-11-08','(812) 774-18-14','Aut.','@civvv',NULL,34,'285461, Ульяновская область, город Кашира, наб. Ленина, 14'),(66,'Sit hic optio quia voluptatem facilis.','1993-08-03','(495) 180-8777','Et.','@rajaq',NULL,193,'699215, Волгоградская область, город Луховицы, спуск Ленина, 40'),(67,'Sit ea ad soluta molestias minima eum.','1994-07-06','(35222) 16-5273','Et.','@bfknd',NULL,218,'524460, Оренбургская область, город Коломна, наб. Чехова, 81'),(68,'Modi sapiente cupiditate et.','1994-08-20','+7 (922) 724-3289','Est.','@dbxdz',NULL,144,'950864, Саратовская область, город Чехов, бульвар Ленина, 48'),(69,'Optio dolores nemo dolorem in.','1995-06-03','(812) 839-17-28','Ipsa.','@zjhpu',NULL,59,'830073, Ульяновская область, город Дорохово, проезд Чехова, 37'),(70,'Eveniet velit iusto debitis id et reiciendis.','1992-03-03','(35222) 65-4520','Modi.','@vnjjc',NULL,101,'407469, Омская область, город Орехово-Зуево, спуск Чехова, 17'),(71,'Ut eum est maiores sit.','1991-07-09','8-800-496-7760','Ab.','@vwets',NULL,109,'384389, Брянская область, город Москва, проезд Будапештсткая, 53'),(72,'Ipsum et unde quod sapiente beatae.','1992-09-16','(495) 320-0224','Ex.','@ruiqb',NULL,172,'580917, Томская область, город Чехов, бульвар Космонавтов, 60'),(73,'Dicta aperiam qui in.','1995-04-03','(35222) 04-9123','Sunt.','@ndbpo',NULL,225,'916542, Новгородская область, город Дорохово, въезд Гагарина, 11'),(74,'Ex eaque modi aut.','1992-03-04','+7 (922) 465-8338','Qui.','@fnsqm',NULL,20,'797951, Смоленская область, город Шаховская, ул. Косиора, 76'),(75,'Sunt et fugit est.','1996-01-02','(495) 095-0685','Quas.','@tpfqj',NULL,65,'252939, Ярославская область, город Истра, пл. Будапештсткая, 79'),(76,'Voluptatem debitis nesciunt cupiditate ut exercitationem.','1994-08-30','8-800-148-9417','Quo.','@dvqfu',NULL,227,'062630, Магаданская область, город Орехово-Зуево, спуск Сталина, 92'),(77,'Dolorem ut nihil ut ea ut repudiandae velit.','1992-07-02','(812) 508-23-24','Et.','@yrqoi',NULL,98,'308469, Орловская область, город Истра, пер. Ломоносова, 26'),(78,'Repudiandae odit laborum officia sequi.','1993-12-06','(812) 981-93-54','Hic.','@njzdh',NULL,283,'410440, Сахалинская область, город Кашира, въезд Гагарина, 53'),(79,'Sapiente amet nostrum excepturi minima maxime corporis.','1994-12-22','(812) 303-43-44','Sunt.','@kejeo',NULL,145,'902053, Воронежская область, город Красногорск, пер. Гагарина, 37'),(80,'Excepturi et sapiente vel minus quos.','1991-08-03','(35222) 56-1947','Id.','@fadca',NULL,162,'250752, Тульская область, город Орехово-Зуево, проезд Космонавтов, 21'),(81,'Fugiat amet autem deserunt molestiae iusto ipsam.','1995-05-31','+7 (922) 815-0114','Unde.','@jufjb',NULL,194,'957337, Волгоградская область, город Озёры, пр. Косиора, 44'),(82,'Ut rerum aspernatur dolor minus rerum quibusdam nesciunt.','1996-01-15','8-800-075-9280','Qui.','@rssye',NULL,120,'689233, Самарская область, город Мытищи, въезд Славы, 22'),(83,'Libero quia ipsum illo asperiores quis fugiat fugit rerum.','1993-03-17','8-800-846-7599','Et.','@zzaqc',NULL,50,'320758, Оренбургская область, город Шатура, наб. Бухарестская, 16'),(84,'Sed consectetur magni veniam.','1992-04-29','+7 (922) 005-1662','Sint.','@zizxj',NULL,39,'101090, Тверская область, город Зарайск, спуск Ладыгина, 20'),(85,'Dicta alias architecto ipsam minima aut sed voluptate.','1991-05-30','(35222) 91-5411','Id.','@jtyku',NULL,74,'451420, Ростовская область, город Можайск, пл. Будапештсткая, 95'),(86,'Nihil accusantium eveniet quae ad quae.','1994-03-06','+7 (922) 578-7086','Et.','@wnmng',NULL,205,'071649, Калужская область, город Люберцы, пл. 1905 года, 67'),(87,'Sed in dolores quia nam nisi eaque atque.','1995-01-07','8-800-515-0985','Iste.','@uvvij',NULL,74,'821636, Магаданская область, город Воскресенск, бульвар Чехова, 27'),(88,'Unde cupiditate ut architecto nesciunt.','1993-08-04','+7 (922) 824-9463','Iste.','@dcffk',NULL,46,'923305, Самарская область, город Шаховская, проезд Гагарина, 40'),(89,'Et sint voluptatem aliquam eius.','1994-02-09','(495) 164-7921','Quia.','@vptai',NULL,82,'564737, Сахалинская область, город Домодедово, ул. Славы, 40'),(90,'Sed facere doloribus omnis atque eligendi dolorem.','1992-09-05','8-800-712-5300','Et.','@yanvw',NULL,53,'305051, Сахалинская область, город Солнечногорск, шоссе Ленина, 35'),(91,'Est in cupiditate qui doloribus.','1991-10-20','(812) 513-63-87','Ut.','@jnymi',NULL,79,'574509, Нижегородская область, город Шаховская, ул. Сталина, 89'),(92,'Sed provident dolorem sed dicta molestiae officiis quos.','1995-06-12','(812) 279-50-56','Aut.','@jktfd',NULL,198,'595510, Калининградская область, город Ногинск, пл. Гагарина, 14'),(93,'Alias quod laudantium natus est aliquam illum quia.','1995-10-10','8-800-014-1240','Quas.','@usitx',NULL,83,'445217, Рязанская область, город Чехов, наб. Славы, 50'),(94,'Ut sed maxime enim adipisci porro.','1991-08-26','8-800-381-3416','Quia.','@znijg',NULL,102,'306835, Тверская область, город Раменское, пер. Ладыгина, 76'),(95,'Eos eos earum ad perspiciatis non velit officia.','1996-01-24','8-800-985-1972','Et.','@hjlop',NULL,85,'265651, Магаданская область, город Раменское, пер. Славы, 93'),(96,'Voluptatibus molestias deleniti magni in unde.','1994-12-16','(35222) 23-2193','Id.','@wkece',NULL,14,'302503, Калужская область, город Сергиев Посад, бульвар Славы, 16'),(97,'Consequuntur non iure voluptatem maxime dicta natus.','1992-10-04','(495) 962-3138','Et.','@jyemk',NULL,207,'494778, Иркутская область, город Зарайск, проезд Балканская, 24'),(98,'Recusandae quas omnis sunt delectus omnis.','1991-04-21','(495) 386-4721','In.','@hqugr',NULL,26,'181155, Орловская область, город Кашира, пл. Космонавтов, 76'),(99,'Molestias omnis at quas ex est qui molestiae.','1995-02-04','8-800-911-8006','Quae.','@qfmbq',NULL,71,'879211, Кировская область, город Серебряные Пруды, въезд Славы, 30'),(100,'Soluta provident quia est amet dolor sunt.','1993-04-22','+7 (922) 805-9665','Modi.','@cutgn',NULL,205,'045697, Ростовская область, город Балашиха, пл. Ленина, 29');
/*!40000 ALTER TABLE `user_profile` ENABLE KEYS */;
UNLOCK TABLES;

--
-- Table structure for table `user_reviews`
--

DROP TABLE IF EXISTS `user_reviews`;
/*!40101 SET @saved_cs_client     = @@character_set_client */;
/*!40101 SET character_set_client = utf8 */;
CREATE TABLE `user_reviews` (
  `id` int(10) unsigned NOT NULL AUTO_INCREMENT,
  `user_id` int(10) unsigned NOT NULL COMMENT 'Customer',
  `related_task_id` int(10) unsigned NOT NULL COMMENT 'Task',
  `rate` tinyint(4) NOT NULL COMMENT 'Rating',
  `comment` text,
  `created_at` datetime NOT NULL DEFAULT CURRENT_TIMESTAMP COMMENT 'Created',
  PRIMARY KEY (`id`),
  KEY `fk_user_reviews_users_id_idx` (`user_id`),
  KEY `fk_user_reviews_tasks_id_idx` (`related_task_id`),
  CONSTRAINT `fk_user_reviews_tasks` FOREIGN KEY (`related_task_id`) REFERENCES `tasks` (`id`),
  CONSTRAINT `fk_user_reviews_user` FOREIGN KEY (`user_id`) REFERENCES `users` (`id`)
) ENGINE=InnoDB AUTO_INCREMENT=51 DEFAULT CHARSET=utf8mb4;
/*!40101 SET character_set_client = @saved_cs_client */;

--
-- Dumping data for table `user_reviews`
--

LOCK TABLES `user_reviews` WRITE;
/*!40000 ALTER TABLE `user_reviews` DISABLE KEYS */;
INSERT INTO `user_reviews` VALUES (1,26,18,1,'Veniam aut voluptatem minus nihil voluptatum quia. Sunt consequuntur ex sint vel omnis veritatis. Molestiae totam rerum velit dolores facere qui. Qui rerum quia doloremque.','2021-04-13 17:15:47'),(2,1,9,1,'Vero eos illo nihil optio. Hic consectetur sapiente tempora quas optio distinctio voluptatem.','2021-04-13 17:15:47'),(3,22,14,1,'Ratione unde voluptas quibusdam ullam. Ipsum hic eligendi quia aperiam. Ut facilis voluptas natus fugit. Quia iste laborum accusamus error aut.','2021-04-13 17:15:47'),(4,21,15,1,'Provident laudantium officiis velit. Omnis qui laborum omnis nostrum quia saepe ad. Est illum explicabo sint ipsam reiciendis dolorum nihil. Esse eum perferendis placeat deleniti quos maxime nihil.','2021-04-13 17:15:47'),(5,19,16,2,'Ut omnis possimus quos voluptatem dolor minima. Sit aut est adipisci occaecati aut iusto enim iste. Id hic nisi a repellat optio est. Quaerat magnam velit aut laudantium enim quia.','2021-04-13 17:15:47'),(6,3,24,5,'Eum numquam et voluptatibus dolorum. Fugit mollitia nemo ducimus odio eum. Quidem eaque qui dicta. Doloremque ut placeat ipsam vero itaque omnis ut sed.','2021-04-13 17:15:47'),(7,3,19,2,'Est et doloremque aut quia iure perferendis. Quis magni nemo non rem sed saepe. Ut in amet voluptatem suscipit sapiente voluptatem delectus.','2021-04-13 17:15:47'),(8,6,1,4,'Ut aliquam in sint quo qui sed. Soluta nisi aut est quod. Dolores iure tempora nemo necessitatibus repudiandae. Sit quasi eligendi occaecati dolorem.','2021-04-13 17:15:47'),(9,34,12,5,'Dolorem aut et error eligendi. Beatae ut sequi praesentium beatae inventore. Facere aut in magni ex. Tempore aut est doloremque et et in.','2021-04-13 17:15:47'),(10,30,28,4,'Sunt omnis ipsam harum magnam. Ea ducimus aut dolorem aut. Cupiditate maiores minus consequatur laborum. Est quo possimus aliquam minima.','2021-04-13 17:15:47'),(11,2,6,3,'Voluptatem accusamus sunt et omnis. Et maxime occaecati quia omnis. Accusamus optio aliquid sit sunt perferendis nihil ratione. Recusandae possimus reprehenderit eveniet.','2021-04-13 17:15:47'),(12,17,26,4,'Molestias reprehenderit quasi qui ut nisi qui. Modi dolorem eum exercitationem eum ipsam accusantium. Distinctio tenetur est nihil alias.','2021-04-13 17:15:47'),(13,6,2,2,'Aliquid ipsa expedita ducimus at voluptas architecto. Eius cupiditate illum exercitationem vitae non voluptatem unde est. Et eveniet similique at id repellendus laudantium rerum.','2021-04-13 17:15:47'),(14,21,5,5,'Hic quae consequatur ea dolores. Ad sed beatae ut nisi. Vitae praesentium aut consectetur cumque quia sed mollitia. Quam ducimus debitis ex et deleniti ut non.','2021-04-13 17:15:47'),(15,21,8,2,'Ipsam nisi harum quaerat eaque. Quas ad assumenda dolores libero aut. Doloremque ut voluptatem perferendis aliquid. Vero molestias dolor officia sed error unde.','2021-04-13 17:15:47'),(16,32,3,1,'Quod et est excepturi dolorem. Et enim libero asperiores voluptas illum vel. Animi necessitatibus tempore velit iure qui. Sunt qui et sed laborum harum.','2021-04-13 17:15:47'),(17,5,17,3,'Non architecto non ad eius aut quam repudiandae. Et ab molestiae nihil nulla dolorum fugiat. Vitae necessitatibus et dolor enim. Velit asperiores quidem magni mollitia mollitia neque voluptatibus.','2021-04-13 17:15:47'),(18,15,29,2,'Itaque vel ipsa totam illo odio a eos. Aut dolorem est aut. Voluptatem itaque aut velit. Quo doloribus pariatur sit animi molestiae impedit qui illum.','2021-04-13 17:15:47'),(19,32,27,1,'Illo asperiores excepturi laudantium sint iusto iure non nulla. Ut nostrum quia perferendis similique quis. Est harum quis numquam facilis est illo.','2021-04-13 17:15:47'),(20,35,37,2,'Aut rem aut ut eos doloremque esse molestiae. Non deleniti exercitationem in provident nesciunt. Ab quo eveniet dicta et.','2021-04-13 17:15:47'),(21,29,22,5,'Maxime voluptatem iste id corporis ipsam autem ratione. Voluptatibus qui architecto aspernatur recusandae optio qui sapiente. Optio voluptatem est quibusdam et.','2021-04-13 17:15:47'),(22,35,32,5,'Voluptas ex nisi libero omnis alias perferendis eos. Natus non libero beatae sed. Natus aut velit officia sunt magni aut.','2021-04-13 17:15:47'),(23,27,38,5,'Earum quas aut facilis. Distinctio qui quos velit. Ea repellat reiciendis officia laboriosam quia nesciunt. Non consequatur perspiciatis sed dolores.','2021-04-13 17:15:47'),(24,31,11,4,'Debitis temporibus eos cupiditate. Molestias laudantium assumenda eligendi eligendi. Deserunt non aliquam asperiores aliquam. Porro omnis sit ex eius. Aut laborum velit dolore inventore ut.','2021-04-13 17:15:47'),(25,25,33,4,'Quisquam maxime vel libero illo ad. Sunt quo quidem dolores reprehenderit dolore. Ea porro deleniti placeat quia illum.','2021-04-13 17:15:47'),(26,1,10,2,'Unde atque quod officia non magni sunt deleniti. Eveniet omnis cumque delectus modi ipsa. Qui nostrum quibusdam sed. Iste vitae velit accusamus adipisci eos.','2021-04-13 17:15:47'),(27,9,30,3,'Accusamus autem aut maiores labore et quos ullam. Magnam ut molestiae commodi quia. Voluptate unde qui repellendus aut tempore itaque rerum. Ea aut facilis aut non.','2021-04-13 17:15:47'),(28,17,31,1,'Quae architecto ex magnam hic molestias enim atque. Ut voluptatem eum et et ducimus. Velit et similique aut odio nam ipsum. Dolor ratione voluptatem vel nemo natus quia.','2021-04-13 17:15:47'),(29,26,21,2,'Rerum veritatis qui et at et animi placeat aut. Et impedit dolores culpa accusamus aut. Optio totam facilis possimus maxime. Atque reprehenderit consequatur suscipit eos aut autem.','2021-04-13 17:15:47'),(30,34,47,1,'Inventore voluptas expedita sit eum totam sapiente dolorem. Molestiae soluta est ut. In quia excepturi doloremque necessitatibus sit cum aut. Error recusandae eum dolores at dolores.','2021-04-13 17:15:47'),(31,31,7,2,'Maiores est cumque quam qui consectetur et. Tempora harum asperiores non pariatur quia dolores. Rerum odit aperiam ex molestiae.','2021-04-13 17:15:47'),(32,3,36,2,'Occaecati aut et dolorem fuga qui. Deserunt autem esse et velit animi dolorem ratione. Nobis ut soluta quis necessitatibus.','2021-04-13 17:15:47'),(33,5,46,2,'Hic quisquam voluptatem et vero aliquam. Maxime sed fugiat quisquam eum culpa voluptate. Quae illo omnis totam qui ipsum repellat. Error iure est dolores quia pariatur.','2021-04-13 17:15:47'),(34,17,41,2,'Quos assumenda vero dolore temporibus. Quibusdam voluptate voluptatum aliquid molestiae enim. Eius odit reiciendis ullam culpa exercitationem repellat.','2021-04-13 17:15:47'),(35,13,43,4,'Qui quam dolor tempora exercitationem ad. Nam blanditiis saepe porro dicta hic unde. Ab voluptatem et assumenda est.','2021-04-13 17:15:47'),(36,16,25,3,'Tenetur eos deleniti dolorum itaque voluptatem necessitatibus et doloribus. Impedit inventore fugiat autem voluptatem omnis velit.','2021-04-13 17:15:47'),(37,18,13,5,'Corporis alias sint voluptatem maiores aut quos. Eum aut dolorum non voluptatum saepe dolorem eaque laboriosam. Aspernatur commodi et accusamus eaque tempora.','2021-04-13 17:15:47'),(38,26,48,3,'Iure hic laboriosam exercitationem ipsa magnam fugit molestiae. Eveniet vel repudiandae aliquid laudantium id ab repellendus ullam. Labore molestiae molestiae quam ex quam.','2021-04-13 17:15:47'),(39,11,23,5,'Harum facilis ducimus est laboriosam qui voluptatibus. Aperiam sequi at molestiae eaque illum. Facere reiciendis sed nihil nemo velit unde.','2021-04-13 17:15:47'),(40,29,44,2,'Dolor magnam aut explicabo eos beatae dolores facere. Laboriosam libero blanditiis totam optio et rerum. Magnam voluptatum quo iste omnis dolor. Molestiae nihil minus nesciunt dolorem voluptas qui.','2021-04-13 17:15:47'),(41,10,52,3,'Corporis id alias consectetur placeat. Est suscipit voluptatibus tempore voluptatum nobis aut consequatur. Fugiat est temporibus architecto molestias repellendus et.','2021-04-13 17:15:47'),(42,18,20,4,'Esse maxime aspernatur similique soluta assumenda eum exercitationem. Perferendis provident sed consequuntur facere delectus enim. Maiores error et fugit sunt neque et eos. Ipsam et fuga ut.','2021-04-13 17:15:47'),(43,2,4,4,'Voluptate vel omnis error a temporibus porro ipsam. Voluptatum at porro et blanditiis dolorem qui. Consequatur ut voluptatum voluptate quia.','2021-04-13 17:15:47'),(44,6,60,3,'Ut eveniet velit reprehenderit voluptas quaerat at. Eum perspiciatis ea veniam nesciunt ab fugit et. Libero vero similique est ab modi et.','2021-04-13 17:15:47'),(45,4,35,2,'Provident eum odit maiores eum consequatur molestias esse. Sed sint sunt voluptatibus quis vel. Quis ut rerum aut natus quos et. Corporis deserunt quia ut.','2021-04-13 17:15:47'),(46,31,61,3,'Voluptas natus velit sed quis. Omnis facere et aliquid aut corrupti ut. Adipisci ratione incidunt unde voluptate. Quis eaque beatae quam ullam est non nam. Quidem est eos omnis.','2021-04-13 17:15:47'),(47,1,53,3,'Vel est porro repellat et natus ea molestias. Suscipit voluptatem voluptatem sapiente enim voluptatem laudantium. Magnam consequatur minus ut minima doloremque soluta. Et nam dolorum voluptatum quos.','2021-04-13 17:15:47'),(48,35,34,3,'Impedit atque omnis et nemo temporibus. Tempore dolor iusto veritatis repellendus a harum quidem. Iste et nihil officia harum est et. Et qui tenetur totam et et doloribus omnis.','2021-04-13 17:15:47'),(49,1,62,5,'Ipsam adipisci omnis vitae ut. Odio quae quo animi ipsa tempore. Soluta et cum ea.','2021-04-13 17:15:47'),(50,23,51,4,'Dolores alias laudantium vel molestiae delectus ad. Fugit fugiat et excepturi autem non. Cum ab deserunt dignissimos autem facere voluptatibus. Ut iure voluptatum ex quos delectus dolor.','2021-04-13 17:15:47');
/*!40000 ALTER TABLE `user_reviews` ENABLE KEYS */;
UNLOCK TABLES;

--
-- Table structure for table `user_role`
--

DROP TABLE IF EXISTS `user_role`;
/*!40101 SET @saved_cs_client     = @@character_set_client */;
/*!40101 SET character_set_client = utf8 */;
CREATE TABLE `user_role` (
  `id` int(10) unsigned NOT NULL AUTO_INCREMENT,
  `user_id` int(10) unsigned NOT NULL,
  `code` tinyint(2) unsigned NOT NULL DEFAULT '1',
  PRIMARY KEY (`id`),
  KEY `idx_user_id` (`user_id`),
  CONSTRAINT `fk_user_role_users_id` FOREIGN KEY (`user_id`) REFERENCES `users` (`id`) ON DELETE NO ACTION ON UPDATE NO ACTION
) ENGINE=InnoDB DEFAULT CHARSET=utf8mb4;
/*!40101 SET character_set_client = @saved_cs_client */;

--
-- Dumping data for table `user_role`
--

LOCK TABLES `user_role` WRITE;
/*!40000 ALTER TABLE `user_role` DISABLE KEYS */;
/*!40000 ALTER TABLE `user_role` ENABLE KEYS */;
UNLOCK TABLES;

--
-- Table structure for table `users`
--

DROP TABLE IF EXISTS `users`;
/*!40101 SET @saved_cs_client     = @@character_set_client */;
/*!40101 SET character_set_client = utf8 */;
CREATE TABLE `users` (
  `id` int(10) unsigned NOT NULL AUTO_INCREMENT,
  `city_id` int(10) unsigned DEFAULT NULL COMMENT 'Город',
  `profile_id` int(10) unsigned NOT NULL COMMENT 'Профиль',
  `name` varchar(45) DEFAULT NULL COMMENT 'Имя',
  `gender` enum('MALE','FEMALE') DEFAULT NULL,
  `password` varchar(64) DEFAULT NULL COMMENT 'Пароль',
  `email` varchar(245) NOT NULL,
  `is_profile_public` tinyint(3) unsigned NOT NULL DEFAULT '0',
  `is_contact_public` tinyint(3) unsigned NOT NULL DEFAULT '0',
  `created_at` timestamp NOT NULL DEFAULT CURRENT_TIMESTAMP,
  `updated_at` timestamp NOT NULL DEFAULT CURRENT_TIMESTAMP ON UPDATE CURRENT_TIMESTAMP,
  `last_logined_at` timestamp NULL DEFAULT CURRENT_TIMESTAMP,
  PRIMARY KEY (`id`),
  UNIQUE KEY `uidx_email` (`email`),
  KEY `fk_users_city_idx` (`city_id`),
  KEY `fk_users_profile_idx` (`profile_id`),
  CONSTRAINT `fk_users_city` FOREIGN KEY (`city_id`) REFERENCES `cities` (`id`) ON DELETE SET NULL ON UPDATE NO ACTION,
  CONSTRAINT `fk_users_profile` FOREIGN KEY (`profile_id`) REFERENCES `user_profile` (`id`) ON DELETE NO ACTION ON UPDATE NO ACTION
) ENGINE=InnoDB AUTO_INCREMENT=36 DEFAULT CHARSET=utf8mb4;
/*!40101 SET character_set_client = @saved_cs_client */;

--
-- Dumping data for table `users`
--

LOCK TABLES `users` WRITE;
/*!40000 ALTER TABLE `users` DISABLE KEYS */;
INSERT INTO `users` VALUES (1,575,1,'Милан Абрамов','MALE','XAIhjcX_X2af','ekuznecova@mail.ru',0,0,'2021-04-08 16:34:44','2021-04-13 14:15:46','2021-04-09 17:39:56'),(2,260,2,'Игорь Степанов','MALE','v3fwGVY1Z_sx','vladlen50@belousov.ru',0,0,'2021-04-02 16:46:21','2021-04-13 14:15:46','2021-04-08 02:25:46'),(3,262,3,'Яков Доронин','MALE','9LBKFvwiIeAx','prohorov.elizaveta@gmail.com',0,0,'2021-04-01 06:25:26','2021-04-13 14:15:46','2021-04-07 10:06:05'),(4,492,4,'Людмила Борисова','FEMALE','CG36H-jDvpZF','samojlova.anastasia@list.ru',0,0,'2021-03-29 10:48:44','2021-04-13 14:15:46','2021-04-08 17:37:15'),(5,66,5,'Савва Орлов','MALE','Iotm3fVJEC0r','psukina@bk.ru',0,0,'2021-04-12 00:10:36','2021-04-13 14:15:46','2021-04-06 15:41:46'),(6,26,6,'Тимофей Кононов','MALE','fFnFeQacSKIh','alla.sidorov@molcanov.com',0,0,'2021-04-12 19:11:20','2021-04-13 14:15:46','2021-04-07 08:45:25'),(7,971,7,'Владлена Бирюкова','FEMALE','b-nN1uPB_5Gv','artem59@gmail.com',0,0,'2021-03-28 03:35:11','2021-04-13 14:15:46','2021-04-09 07:20:19'),(8,934,8,'Лидия Лукина','FEMALE','wYzPlotOuDpJ','zlebedeva@mail.ru',0,0,'2021-04-01 09:16:54','2021-04-13 14:15:46','2021-04-08 22:26:59'),(9,913,9,'Кирилл Шубин','MALE','3y-PXKz63KFf','rgrisina@dackov.ru',0,0,'2021-04-01 07:21:46','2021-04-13 14:15:46','2021-04-10 19:04:46'),(10,1023,10,'Лидия Михеева','FEMALE','yOMe4cnEEiEM','olga.zimina@narod.ru',0,0,'2021-03-29 08:17:00','2021-04-13 14:15:46','2021-04-11 09:53:52'),(11,267,11,'Филипп Назаров','MALE','RVC6LbZldLLv','pavel21@zinoveva.net',0,0,'2021-04-08 13:54:55','2021-04-13 14:15:46','2021-04-08 20:32:33'),(12,42,12,'Ульяна Полякова','FEMALE','zgxu0kdmFKE8','zaharova.boris@narod.ru',0,0,'2021-04-01 21:29:37','2021-04-13 14:15:46','2021-04-08 05:07:57'),(13,567,13,'Розалина Муравьёва','FEMALE','YWJmL-enENqG','inga.osipov@gmail.com',0,0,'2021-04-01 05:11:56','2021-04-13 14:15:46','2021-04-09 23:40:45'),(14,895,14,'Лаврентий Гордеев','MALE','YWo8q5y34oi1','alla75@ya.ru',0,0,'2021-04-01 05:48:43','2021-04-13 14:15:46','2021-04-10 17:24:42'),(15,516,15,'Любовь Рогова','FEMALE','ubf0T8QoUaLo','lavrentij.sobolev@hotmail.com',0,0,'2021-03-29 10:04:05','2021-04-13 14:15:46','2021-04-09 15:09:52'),(16,745,16,'Жанна Попова','FEMALE','CJvHSkE8QQAm','fedor.krukov@gmail.com',0,0,'2021-03-26 06:49:56','2021-04-13 14:15:46','2021-04-10 12:41:01'),(17,711,17,'Оксана Рыбакова','FEMALE','ghaRhc3fenbw','sysoev.igor@hotmail.com',0,0,'2021-04-08 03:47:22','2021-04-13 14:15:46','2021-04-08 08:25:37'),(18,406,18,'Ольга Яковлева','FEMALE','ZPNVz7hi2gbk','andrej.zdanova@isakov.ru',0,0,'2021-03-26 23:09:47','2021-04-13 14:15:46','2021-04-10 19:20:10'),(19,1071,19,'Болеслав Владимиров','MALE','gDOefGmtFiia','apollon23@gmail.com',0,0,'2021-04-12 20:26:15','2021-04-13 14:15:46','2021-04-10 04:28:55'),(20,296,20,'Милан Нестеров','MALE','43SzDNlqTSLB','rada.maslov@polakova.com',0,0,'2021-03-26 06:46:30','2021-04-13 14:15:46','2021-04-11 00:49:02'),(21,573,21,'Вера Мишина','FEMALE','p50SEEI6qSzJ','ignatev.polina@list.ru',0,0,'2021-03-30 19:36:05','2021-04-13 14:15:46','2021-04-11 04:16:48'),(22,1040,22,'Мальвина Павлова','FEMALE','kaNEkdInvLYs','ymuhin@list.ru',0,0,'2021-04-01 09:56:14','2021-04-13 14:15:46','2021-04-10 07:05:18'),(23,739,23,'Владислав Горшков','MALE','ckqUgHiBnBwX','rafail.gromov@yandex.ru',0,0,'2021-04-04 01:56:56','2021-04-13 14:15:46','2021-04-06 15:49:50'),(24,694,24,'Макар Крылов','MALE','-L7ffkxmUj8D','nikolaeva.adrian@karpova.ru',0,0,'2021-03-29 08:09:17','2021-04-13 14:15:46','2021-04-08 15:55:13'),(25,732,25,'Всеволод Савин','MALE','iLcF8Phg3KH-','vladimir.gavrilova@nikiforov.org',0,0,'2021-04-09 06:13:54','2021-04-13 14:15:46','2021-04-08 01:34:49'),(26,479,26,'Лада Орехова','FEMALE','FIAQYS6CGQQP','avdeev.nelli@ersova.ru',0,0,'2021-03-27 20:19:28','2021-04-13 14:15:46','2021-04-09 00:03:16'),(27,1081,27,'Аким Брагин','MALE','lsDahSAxAccA','veronika05@rambler.ru',0,0,'2021-04-09 07:53:39','2021-04-13 14:15:46','2021-04-09 01:10:43'),(28,388,28,'Искра Зыкова','FEMALE','jsXh-YWEwEyv','olesa.kudravceva@mail.ru',0,0,'2021-03-25 15:09:21','2021-04-13 14:15:46','2021-04-08 09:43:22'),(29,618,29,'Ульяна Муравьёва','FEMALE','fw1Nf_4cPGZo','nelli.bobrova@gorbunova.ru',0,0,'2021-03-28 21:08:49','2021-04-13 14:15:46','2021-04-10 06:55:44'),(30,1020,30,'Изольда Коновалова','FEMALE','jM63YEeQ-mU2','kozlova.nazar@ustinov.ru',0,0,'2021-04-03 01:08:03','2021-04-13 14:15:46','2021-04-06 17:05:57'),(31,117,31,'Роман Муравьёв','MALE','WdCyO79Z8ADu','vkalinin@simonova.ru',0,0,'2021-03-26 14:26:29','2021-04-13 14:15:46','2021-04-11 01:14:01'),(32,177,32,'Даниил Носков','MALE','6PPcXlkzOGD0','ila79@rambler.ru',0,0,'2021-04-09 00:27:24','2021-04-13 14:15:46','2021-04-10 07:46:49'),(33,1024,33,'Василиса Воробьёва','FEMALE','IrYaA6-SnekX','vlasov.ksenia@yandex.ru',0,0,'2021-04-07 06:38:12','2021-04-13 14:15:46','2021-04-08 04:36:18'),(34,192,34,'Надежда Гаврилова','FEMALE','fCq7S9G6U07s','ymoiseev@mail.ru',0,0,'2021-04-10 18:30:36','2021-04-13 14:15:46','2021-04-07 20:25:09'),(35,357,35,'Яков Молчанов','MALE','4yuVE3ZotlNf','florentina.drozdov@korolev.org',0,0,'2021-03-26 11:43:01','2021-04-13 14:15:46','2021-04-06 15:19:34');
/*!40000 ALTER TABLE `users` ENABLE KEYS */;
UNLOCK TABLES;
/*!40103 SET TIME_ZONE=@OLD_TIME_ZONE */;

/*!40101 SET SQL_MODE=@OLD_SQL_MODE */;
/*!40014 SET FOREIGN_KEY_CHECKS=@OLD_FOREIGN_KEY_CHECKS */;
/*!40014 SET UNIQUE_CHECKS=@OLD_UNIQUE_CHECKS */;
/*!40101 SET CHARACTER_SET_CLIENT=@OLD_CHARACTER_SET_CLIENT */;
/*!40101 SET CHARACTER_SET_RESULTS=@OLD_CHARACTER_SET_RESULTS */;
/*!40101 SET COLLATION_CONNECTION=@OLD_COLLATION_CONNECTION */;
/*!40111 SET SQL_NOTES=@OLD_SQL_NOTES */;

-- Dump completed on 2021-04-14 14:00:13
